ID,Status,Cluster,Funnel stage,Search intent,Audience,Country/region,Certification/property,Working title,Primary keyword,Supporting keyword cluster,Semantic entities,Real question answered,Content type,Pillar/spoke,Canonical target,Slug,Primary PCI domain,Verified deep URL,Internal links,External primary sources,Comparison bodies,Word range,CTA,Schema,Repurposing package,Image concept,Risk/approval flags,Owner,Verification date,Publication date,Performance notes
A-001,Planned (pilot),1,Awareness,Informational,Prospective candidates and employers,Global,PCI (entity),What is the Project Controls Institute (PCI)?,project controls institute,"pci ai, pci certification body, who runs pci","certification body, credentialing, project controls, governance, verification",Who is behind PCI and how is it governed?,trust,Pillar,New pillar page,what-is-project-controls-institute,projectcontrolsinstitute.org,[DEEP URL PENDING],pillar:self; siblings:A-002 A-003; money:/certifications; world:pciworld.org,PCI policy pages,none,1400-1800,Explore the certifications,Organization+BreadcrumbList,full,Practitioners reviewing a schedule wall,[LEGAL STATUS — PCI APPROVAL REQUIRED]; [LIVE-SITE VERIFICATION PENDING],Unassigned,,,
A-002,Planned,1,Awareness,Informational,Candidates verifying legitimacy,Global,PCI (entity),How PCI credential verification works,verify pci certification,"credential verification, verify certificate online","issued credential, verification code, registry",How does anyone confirm a PCI credential is genuine?,trust,Spoke,A-001,verify-a-pci-credential,projectcontrolsinstitute.org,[DEEP URL PENDING],pillar:A-001; siblings:A-038 A-039; money:/certifications,PCI verification policy,none,1200-1600,Verify a credential,Article+BreadcrumbList,social-core,Close-up of a verification result screen (no real data),[LIVE-SITE VERIFICATION PENDING],Unassigned,,,
A-003,Planned,1,Consideration,Informational,Candidates and regulators,Global,PCI (entity),PCI governance and certification decision-making explained,pci governance,"certification decisions, impartiality, appeals","impartiality, conflict of interest, appeals, policy",Who decides certification outcomes at PCI and under what rules?,trust,Spoke,A-001,pci-governance-and-decisions,projectcontrolsinstitute.org,[DEEP URL PENDING],pillar:A-001; siblings:A-002 A-004; money:/certifications,PCI policy pages,none,1200-1600,Read the policies,Article,social-core,Board-style review meeting,[LEGAL STATUS — PCI APPROVAL REQUIRED],Unassigned,,,
A-004,Planned,1,Consideration,Informational,Prospective honorary candidates,Global,PCI (entity),The honorary route: consideration not guarantee,pci honorary certification,"honorary route, honorary consideration criteria","invitation, published criteria, governance",Can someone be granted a PCI credential honoris causa?,trust,Spoke,A-001,pci-honorary-consideration,projectcontrolsinstitute.org,[DEEP URL PENDING],pillar:A-001; siblings:A-003; money:/certifications,PCI honorary policy,none,1200-1500,Review the criteria,Article,social-core,Portfolio dossier on a desk,[LIVE-SITE VERIFICATION PENDING],Unassigned,,,
A-005,Planned,2,Decision,Commercial,Prospective candidates,Global,All certifications,How much does PCI certification cost?,pci certification cost,"pci exam fee, pci pricing, certification price","exam fee, resit, renewal, currency, taxes",What will I actually pay end to end?,pricing-route,Pillar,New pillar page,pci-certification-cost,projectcontrolsinstitute.org,[DEEP URL PENDING],pillar:self; siblings:A-006 A-007; money:/pricing,PCI pricing page,none,1400-1800,See current pricing,Article+FAQPage,full,Cost breakdown table graphic,[PRICE UNVERIFIED]; [LIVE-SITE VERIFICATION PENDING],Unassigned,,,
A-006,Planned,2,Decision,Commercial,Prospective candidates,Global,All certifications,"PCI certification routes: Standard, Founding and Honorary",pci certification routes,"eligibility, entry requirements, founding route, honorary route","eligibility, evidence, application",Which of the three routes fits my background?,pricing-route,Spoke,A-005,pci-certification-routes,projectcontrolsinstitute.org,[DEEP URL PENDING],pillar:A-005; siblings:A-004 A-007; money:/certifications,PCI eligibility policy,none,1300-1700,Check your eligibility,Article,social-core,Decision-tree diagram,[LIVE-SITE VERIFICATION PENDING],Unassigned,,,
A-007,Planned,2,Decision,Commercial,Prospective candidates,Global,All certifications,"Resits, validity and renewal at PCI",pci exam resit,"resit policy, credential validity, renewal","resit, validity period, CPD, renewal fee",What happens if I fail and how long does the credential last?,pricing-route,Spoke,A-005,pci-resits-validity-renewal,projectcontrolsinstitute.org,[DEEP URL PENDING],pillar:A-005; siblings:A-006; money:/pricing,PCI resit and renewal policy,none,1200-1600,Plan your attempt,Article+FAQPage,social-core,Calendar with renewal milestones,[PRICE UNVERIFIED]; [LIVE-SITE VERIFICATION PENDING],Unassigned,,,
A-008,Planned,2,Awareness,Informational,Career changers,Global,All certifications,Do I need a degree for PCI certification?,pci certification requirements degree,"prerequisites, no degree certification","eligibility, experience, evidence",Can I qualify without a university degree?,faq,Spoke,A-005,pci-certification-without-degree,projectcontrolsinstitute.org,[DEEP URL PENDING],pillar:A-005; siblings:A-006; money:/certifications,PCI eligibility policy,none,1100-1400,Check your route,Article+FAQPage,social-core,Diverse practitioners at work,[LIVE-SITE VERIFICATION PENDING],Unassigned,,,
A-009,Planned,2,Decision,Navigational,Applicants,Global,MyPCI,How to apply for a PCI certification step by step,apply pci certification,"application process, my pci application","application, MyPCI, payment, exam booking",What exactly happens from application to exam day?,pricing-route,Spoke,A-005,apply-for-pci-certification,mypci.org,[DEEP URL PENDING],pillar:A-005; siblings:A-036 A-037; money:/certifications,PCI application guidance,none,1300-1700,Start in MyPCI,HowTo? (verify eligibility) else Article,social-core,Step timeline graphic,[LIVE-SITE VERIFICATION PENDING],Unassigned,,,
A-010,Planned,2,Decision,Commercial,Employers and L&D leads,Global,All certifications,A hiring manager's guide to PCI certifications,pci certification employer guide,"team certification, upskilling project controls","competency, capability, workforce",Why would an employer choose PCI for a team?,career,Spoke,A-005,pci-for-employers,projectcontrolsinstitute.org,[DEEP URL PENDING],pillar:A-005; siblings:A-021; money:/certifications; world:pciworld.org/careers,PCI programme pages,none,1400-1800,Talk to PCI,Article,full,Team capability matrix,[LIVE-SITE VERIFICATION PENDING],Unassigned,,,
A-011,Planned (pilot),3,Consideration,Commercial,Planning/cost engineers moving up,Global,PCL-AI,PCI PCL-AI explained: the AI-era project controls credential,pcl-ai certification,"pci pcl-ai, project controls certification ai","project controls, scheduling, cost, forecasting, applied AI",What is PCL-AI and who is it for?,standard,Pillar,New pillar page,pcl-ai-certification-explained,projectcontrolsinstitute.org,/certifications/pcl-ai,pillar:self; siblings:A-012 A-013; money:/certifications/pcl-ai; world:pciworld.org,PCI PCL-AI syllabus,none,1600-2200,Review PCL-AI,Article+EducationalOccupationalCredential(verify),full,Schedule + cost curve composite,[LIVE-SITE VERIFICATION PENDING],Unassigned,,,
A-012,Planned,3,Consideration,Informational,PCL-AI candidates,Global,PCL-AI,Inside the PCL-AI syllabus: the thirteen domains,pcl-ai syllabus,"pcl-ai exam content, body of knowledge","BoK domains, assessment blueprint",What exactly does PCL-AI examine?,standard,Spoke,A-011,pcl-ai-syllabus-domains,projectcontrolsinstitute.org,/certifications/pcl-ai,pillar:A-011; siblings:A-013 A-014; money:/certifications/pcl-ai,PCI BoK pages,none,1500-2000,See the syllabus,Article,social-core,Domain wheel infographic,[LIVE-SITE VERIFICATION PENDING],Unassigned,,,
A-013,Planned,3,Decision,Commercial,PCL-AI candidates,Global,PCL-AI,"PCL-AI cost, eligibility and exam format",pcl-ai exam cost,"pcl-ai fee, pcl-ai eligibility, exam format","fee, eligibility, assessment format",What does PCL-AI cost and how is it assessed?,pricing-route,Spoke,A-011,pcl-ai-cost-eligibility-format,projectcontrolsinstitute.org,/certifications/pcl-ai,pillar:A-011; siblings:A-005 A-012; money:/pricing,PCI pricing and policy,none,1200-1600,Check current fees,Article+FAQPage,social-core,Fee components graphic,[PRICE UNVERIFIED]; [LIVE-SITE VERIFICATION PENDING],Unassigned,,,
A-014,Planned,3,Decision,Informational,PCL-AI candidates,Global,PCL-AI,How to prepare for PCL-AI: a practical plan,pcl-ai exam preparation,"study plan, practice, guided labs","preparation, labs, practice questions",How should I structure PCL-AI preparation?,applied,Spoke,A-011,pcl-ai-preparation-plan,projectcontrolsinstitute.org,/certifications/pcl-ai,pillar:A-011; siblings:A-026 A-027; money:/certifications/pcl-ai,PCI and Certuvo guidance,none,1500-2000,Start preparing,Article,full,Study timeline with lab checkpoints,[VERIFY CERTUVO ACCESS TERM],Unassigned,,,
A-015,Planned,3,Awareness,Informational,Schedulers and planners,Global,PCL-AI,Is PCL-AI worth it for planners and schedulers?,pcl-ai for planners,"scheduler certification, planner credential","career value, capability, roles",Does PCL-AI help a planning career specifically?,career,Spoke,A-011,pcl-ai-for-planners-schedulers,projectcontrolsinstitute.org,/certifications/pcl-ai,pillar:A-011; siblings:A-041; money:/certifications/pcl-ai; world:pciworld.org/careers,PCI syllabus pages,none,1200-1600,Map your pathway,Article,social-core,Planner at a P6 screen,[LIVE-SITE VERIFICATION PENDING],Unassigned,,,
A-016,Planned (pilot),4,Consideration,Commercial,Cost/commercial/finance-adjacent professionals,Global,PFL-AI,PCI PFL-AI explained: project finance for delivery professionals,pfl-ai certification,"pci pfl-ai, project finance certification","project finance, budgeting, cash flow, accounting foundations, applied AI",What is PFL-AI and who is it for?,standard,Pillar,New pillar page,pfl-ai-certification-explained,projectcontrolsinstitute.org,/certifications/pfl-ai,pillar:self; siblings:A-017 A-018; money:/certifications/pfl-ai,PCI PFL-AI syllabus,none,1600-2200,Review PFL-AI,Article+EducationalOccupationalCredential(verify),full,Cash-flow S-curve visual,[LIVE-SITE VERIFICATION PENDING],Unassigned,,,
A-017,Planned,4,Consideration,Informational,PFL-AI candidates,Global,PFL-AI,Inside the PFL-AI syllabus,pfl-ai syllabus,"pfl-ai exam content, domains","finance domains, assessment blueprint",What does PFL-AI examine?,standard,Spoke,A-016,pfl-ai-syllabus-domains,projectcontrolsinstitute.org,/certifications/pfl-ai,pillar:A-016; siblings:A-018; money:/certifications/pfl-ai,PCI BoK pages,none,1500-2000,See the syllabus,Article,social-core,Finance domain map,[LIVE-SITE VERIFICATION PENDING],Unassigned,,,
A-018,Planned,4,Decision,Commercial,PFL-AI candidates,Global,PFL-AI,"PFL-AI cost, eligibility and exam format",pfl-ai exam cost,"pfl-ai fee, eligibility","fee, eligibility, assessment",What does PFL-AI cost and how is it assessed?,pricing-route,Spoke,A-016,pfl-ai-cost-eligibility-format,projectcontrolsinstitute.org,/certifications/pfl-ai,pillar:A-016; siblings:A-005; money:/pricing,PCI pricing and policy,none,1200-1600,Check current fees,Article+FAQPage,social-core,Fee components graphic,[PRICE UNVERIFIED]; [LIVE-SITE VERIFICATION PENDING],Unassigned,,,
A-019,Planned,4,Awareness,Informational,Quantity surveyors and cost engineers,Global,PFL-AI,PFL-AI for cost engineers and quantity surveyors,pfl-ai for cost engineers,"cost engineer certification, qs credential","cost control, commercial, finance",Is PFL-AI right for cost/commercial roles?,career,Spoke,A-016,pfl-ai-for-cost-engineers,projectcontrolsinstitute.org,/certifications/pfl-ai,pillar:A-016; siblings:A-042; money:/certifications/pfl-ai,PCI syllabus pages,none,1200-1600,Map your pathway,Article,social-core,Cost report review scene,[LIVE-SITE VERIFICATION PENDING],Unassigned,,,
A-020,Planned (pilot),5,Consideration,Commercial,Project managers and PMO leads,Global,PML-AI,PCI PML-AI explained: leading projects in the AI era,pml-ai certification,"pci pml-ai, project management leader certification","project leadership, governance, delivery, applied AI",What is PML-AI and who is it for?,standard,Pillar,New pillar page,pml-ai-certification-explained,projectcontrolsinstitute.org,/certifications/pml-ai,pillar:self; siblings:A-021 A-022; money:/certifications/pml-ai,PCI PML-AI syllabus,none,1600-2200,Review PML-AI,Article+EducationalOccupationalCredential(verify),full,Delivery-review room scene,[LIVE-SITE VERIFICATION PENDING],Unassigned,,,
A-021,Planned,5,Consideration,Informational,PML-AI candidates,Global,PML-AI,Inside the PML-AI syllabus,pml-ai syllabus,"pml-ai exam content, domains","leadership domains, assessment blueprint",What does PML-AI examine?,standard,Spoke,A-020,pml-ai-syllabus-domains,projectcontrolsinstitute.org,/certifications/pml-ai,pillar:A-020; siblings:A-022; money:/certifications/pml-ai,PCI BoK pages,none,1500-2000,See the syllabus,Article,social-core,Leadership domain map,[LIVE-SITE VERIFICATION PENDING],Unassigned,,,
A-022,Planned,5,Decision,Commercial,PML-AI candidates,Global,PML-AI,"PML-AI cost, eligibility and exam format",pml-ai exam cost,"pml-ai fee, eligibility","fee, eligibility, assessment",What does PML-AI cost and how is it assessed?,pricing-route,Spoke,A-020,pml-ai-cost-eligibility-format,projectcontrolsinstitute.org,/certifications/pml-ai,pillar:A-020; siblings:A-005; money:/pricing,PCI pricing and policy,none,1200-1600,Check current fees,Article+FAQPage,social-core,Fee components graphic,[PRICE UNVERIFIED]; [LIVE-SITE VERIFICATION PENDING],Unassigned,,,
A-023,Planned,5,Awareness,Informational,Delivery managers,Global,PML-AI,PML-AI vs a generalist PM credential: when leadership needs controls depth,pml-ai vs pm certification,project leadership credential comparison,"scope, governance, controls literacy",Why choose a controls-literate leadership credential?,comparison,Spoke,A-020,pml-ai-vs-generalist-pm-credentials,projectcontrolsinstitute.org,/certifications/pml-ai,pillar:A-020; siblings:A-044; money:/certifications/pml-ai,Official body pages,"PMI, PeopleCert",1400-1800,Compare honestly,Article,social-core,Two-column decision visual,[COMPETITOR FACTS PENDING],Unassigned,,,
A-024,Planned,6,Consideration,Informational,Multi-credential planners,Global,All certifications,"PCL-AI, PFL-AI, PML-AI: which order and why",pci certification order,"three certification pathway, which pci certification first","pathway, sequencing, career mapping",In what order should the three PCI credentials be taken?,comparison,Pillar,New pillar page,pci-certification-pathway-order,projectcontrolsinstitute.org,[DEEP URL PENDING],pillar:self; siblings:A-011 A-016 A-020; money:/certifications,PCI programme pages,none,1500-2000,Plan your pathway,Article+FAQPage,full,Three-step pathway diagram,[LIVE-SITE VERIFICATION PENDING],Unassigned,,,
A-025,Planned,6,Decision,Commercial,Career switchers,Global,All certifications,From project manager to project controls leader: a transition map,project manager to project controls,"career transition, controls career switch","transferable skills, gap analysis",How does a PM move into project controls leadership?,career,Spoke,A-024,pm-to-project-controls-transition,projectcontrolsinstitute.org,[DEEP URL PENDING],pillar:A-024; siblings:A-041; money:/certifications; world:pciworld.org/careers,PCI syllabus pages,none,1400-1800,Map the gap,Article,social-core,Skills bridge diagram,[LIVE-SITE VERIFICATION PENDING],Unassigned,,,
A-026,Planned (pilot),7,Decision,Commercial,Paid candidates,Global,Certuvo,"Certuvo and PCI: who does what, and what your exam fee includes",certuvo pci training,"certuvo access, pci training partner","training partner, learning access, certification body separation",What is Certuvo and what do I get after paying a PCI exam fee?,pricing-route,Pillar,New pillar page,certuvo-pci-training-partner,projectcontrolsinstitute.org,[DEEP URL PENDING],pillar:self; siblings:A-027 A-028; money:/pricing,PCI-Certuvo terms,none,1300-1700,See what's included,Article+FAQPage,full,Two-lane roles diagram (PCI vs Certuvo),[VERIFY CERTUVO ACCESS TERM]; [LIVE-SITE VERIFICATION PENDING],Unassigned,,,
A-027,Planned,7,Consideration,Informational,Candidates preparing,Global,Certuvo,Inside the Certuvo learning experience,certuvo learning experience,"guided learning, practice, feedback","modules, practice, progress",What does studying with Certuvo actually look like?,applied,Spoke,A-026,certuvo-learning-experience,projectcontrolsinstitute.org,[DEEP URL PENDING],pillar:A-026; siblings:A-029; money:/certifications,Certuvo official pages,none,1300-1700,Start learning,Article,social-core,Learner dashboard sketch (no real UI),[VERIFY CERTUVO ACCESS TERM],Unassigned,,,
A-028,Planned,7,Decision,Commercial,Candidates comparing prep options,Global,Certuvo,Self-study vs Certuvo-guided preparation for PCI exams,pci exam self study vs training,"prep options, guided vs self study","study modes, time budget, support",Do I need structured training to pass a PCI exam?,faq,Spoke,A-026,self-study-vs-guided-pci-prep,projectcontrolsinstitute.org,[DEEP URL PENDING],pillar:A-026; siblings:A-014; money:/pricing,PCI and Certuvo guidance,none,1200-1600,Choose your mode,Article+FAQPage,social-core,Fork-in-road study diagram,[VERIFY CERTUVO ACCESS TERM],Unassigned,,,
A-029,Planned (pilot),8,Consideration,Informational,Hands-on learners,Global,Labs,Guided labs and simulation labs: how PCI candidates practise real project control,pci simulation lab,"guided labs, project controls practice","lab scenario, deliverables, feedback, portfolio evidence",What do candidates actually do in PCI labs?,applied,Pillar,New pillar page,pci-guided-and-simulation-labs,projectcontrolsinstitute.org,[DEEP URL PENDING],pillar:self; siblings:A-030 A-031; money:/certifications,PCI lab documentation,none,1500-2000,Try the labs,Article,full,Simulated project dashboard scene,[LIVE-SITE VERIFICATION PENDING],Unassigned,,,
A-030,Planned,8,Consideration,Informational,Candidates building evidence,Global,Labs,Turning lab work into portfolio evidence employers trust,project controls portfolio,"portfolio evidence, demonstrable skills","artifacts, deliverables, review",How do lab outputs become career evidence?,applied,Spoke,A-029,lab-work-to-portfolio-evidence,projectcontrolsinstitute.org,[DEEP URL PENDING],pillar:A-029; siblings:A-031; money:/certifications; world:pciworld.org,PCI lab documentation,none,1300-1700,Build your portfolio,Article,social-core,Portfolio artifact collage,[LIVE-SITE VERIFICATION PENDING],Unassigned,,,
A-031,Planned,8,Awareness,Informational,Prospective candidates,Global,Labs,What a simulation lab decision cycle looks like,simulation lab project management,"realistic project simulation, decisions under constraint","constraints, trade-offs, assessment",What decisions does a simulation lab force?,applied,Spoke,A-029,simulation-lab-decision-cycle,projectcontrolsinstitute.org,[DEEP URL PENDING],pillar:A-029; siblings:A-030; money:/certifications,PCI lab documentation,none,1200-1600,See a scenario,Article,social-core,Decision-cycle loop diagram,[LIVE-SITE VERIFICATION PENDING],Unassigned,,,
A-032,Planned (pilot),9,Awareness,Informational,Community-minded practitioners,Global,PCI World,"PCI World and the Passport: rooms, forum, careers and what access means",pci world passport,"pci world community, passport benefits","rooms, forum, careers, passport validity",What is PCI World and what does the Passport give me?,trust,Pillar,New pillar page,pci-world-and-passport,pciworld.org,[DEEP URL PENDING],pillar:self; siblings:A-033 A-034; money:/certifications; world:pciworld.org,PCI World pages,none,1400-1800,Join PCI World,Article+FAQPage,full,Community rooms illustration,[LIVE-SITE VERIFICATION PENDING],Unassigned,,,
A-033,Planned,9,Consideration,Informational,Members,Global,PCI World,Getting value from PCI World rooms and the forum,pci world forum,"community rooms, professional forum","discussion, moderation, contribution",How do I actually use the community well?,standard,Spoke,A-032,using-pci-world-rooms-forum,pciworld.org,[DEEP URL PENDING],pillar:A-032; siblings:A-034; world:pciworld.org,PCI World pages,none,1100-1500,Join a room,Article,social-core,Threaded discussion visual,[LIVE-SITE VERIFICATION PENDING],Unassigned,,,
A-034,Planned,9,Decision,Commercial,Job seekers,Global,PCI World,PCI World careers: how the job surface works,pci world careers,project controls jobs board,"employers, applications, verification",How does the careers surface connect candidates and employers?,career,Spoke,A-032,pci-world-careers,pciworld.org,[DEEP URL PENDING],pillar:A-032; siblings:A-041; world:pciworld.org/careers,PCI World pages,none,1200-1600,Browse roles,Article,social-core,Job search scene,[LIVE-SITE VERIFICATION PENDING],Unassigned,,,
A-035,Planned,10,Decision,Navigational,Applicants,Global,MyPCI,Your MyPCI account: from application to credential,my pci portal,"my pci login journey, candidate portal","application, exam booking, results, credential",What does the MyPCI journey cover end to end?,standard,Pillar,New pillar page,my-pci-candidate-journey,mypci.org,[DEEP URL PENDING],pillar:self; siblings:A-009 A-036; money:/certifications,PCI portal guidance,none,1300-1700,Sign in to MyPCI,Article,social-core,Journey timeline graphic,[LIVE-SITE VERIFICATION PENDING],Unassigned,,,
A-036,Planned,10,Decision,Informational,Booked candidates,Global,MyPCI,Exam day with PCI: formats and what to expect,pci exam day,"exam experience, what to expect pci exam","check-in, rules, proctoring, results timing",What happens on exam day?,faq,Spoke,A-035,pci-exam-day-expectations,mypci.org,[DEEP URL PENDING],pillar:A-035; siblings:A-037; money:/certifications,PCI exam policy,none,1200-1600,Get exam-ready,Article+FAQPage,social-core,Calm candidate at desk,[LIVE-SITE VERIFICATION PENDING],Unassigned,,,
A-037,Planned,10,Retention,Informational,New certificants,Global,MyPCI,"After you pass: credential issue, sharing and verification",pci credential issued,"share certification, digital credential","issue, share, verify, registry",What happens after a pass?,trust,Spoke,A-035,after-you-pass-pci,mypci.org,[DEEP URL PENDING],pillar:A-035; siblings:A-002; money:/certifications,PCI verification policy,none,1100-1500,Verify and share,Article,social-core,Shareable credential card visual,[LIVE-SITE VERIFICATION PENDING],Unassigned,,,
A-038,Planned,11,Awareness,Informational,Newcomers,Global,Foundations,What is project controls? A working definition that survives real projects,what is project controls,"project controls meaning, planning cost risk","scheduling, cost, risk, forecasting, governance",What does project controls actually cover?,standard,Pillar,New pillar page,what-is-project-controls,projectcontrolsinstitute.org,[DEEP URL PENDING],pillar:self; siblings:A-039; money:/certifications,Authoritative bodies,none,1600-2200,Learn the discipline,Article+FAQPage,full,Discipline map infographic,none,Unassigned,,,
A-039,Planned,11,Awareness,Informational,Newcomers,Global,Foundations,Project controls vs project management: the difference that matters,project controls vs project management,"difference, roles, responsibilities","scope, function, collaboration",How do the two disciplines differ and work together?,comparison,Spoke,A-038,project-controls-vs-project-management,projectcontrolsinstitute.org,[DEEP URL PENDING],pillar:A-038; siblings:A-025; money:/certifications,Authoritative bodies,none,1300-1700,Explore both paths,Article,social-core,Venn-style roles diagram,none,Unassigned,,,
A-040,Planned (pilot),23,Decision,Comparison,Credential shoppers,Global,PCL-AI,PCI PCL-AI vs PMP: different purposes compared honestly,pcl-ai vs pmp,"pmp comparison, project controls vs pm certification","scope, audience, assessment, cost, renewal",Should I take PCL-AI or PMP — or both?,comparison,Pillar,New pillar page,pcl-ai-vs-pmp,projectcontrolsinstitute.org,/certifications/pcl-ai,pillar:self; siblings:A-023 A-044; money:/certifications/pcl-ai,PMI official pages,PMI,1800-2400,Decide with the guide,Article,full,Side-by-side decision table,[COMPETITOR FACTS PENDING],Unassigned,,,
A-041,Planned,21,Decision,Commercial,Early-career analysts,Global,Careers,Project controls career path: analyst to leadership,project controls career path,"career progression, controls roles","analyst, engineer, manager, director",What does progression look like in project controls?,career,Pillar,New pillar page,project-controls-career-path,projectcontrolsinstitute.org,[DEEP URL PENDING],pillar:self; siblings:A-015 A-025; money:/certifications; world:pciworld.org/careers,Role evidence,none,1500-2000,Plan your next step,Article,full,Career ladder graphic,none,Unassigned,,,
A-042,Planned,24,Decision,Comparison,Finance-adjacent professionals,Global,PFL-AI,PCI PFL-AI vs CFA: project finance vs investment finance,pfl-ai vs cfa,"cfa comparison, project finance certification","purpose, depth, audience, cost",Is PFL-AI or CFA right for my finance goals?,comparison,Spoke,A-045,pfl-ai-vs-cfa,projectcontrolsinstitute.org,/certifications/pfl-ai,pillar:A-045; siblings:A-043; money:/certifications/pfl-ai,CFA Institute official pages,CFA Institute,1800-2400,Decide with the guide,Article,full,Purpose-contrast diagram,[COMPETITOR FACTS PENDING],Unassigned,,,
A-043,Planned (pilot),24,Decision,Comparison,Management accountants,Global,PFL-AI,PCI PFL-AI vs CMA: delivery finance vs management accounting,pfl-ai vs cma,cma ima comparison,"purpose, syllabus, audience, cost",Should a management accountant consider PFL-AI?,comparison,Spoke,A-045,pfl-ai-vs-cma,projectcontrolsinstitute.org,/certifications/pfl-ai,pillar:A-045; siblings:A-042; money:/certifications/pfl-ai,IMA official pages,IMA,1600-2200,Decide with the guide,Article,social-core,Two-lane comparison visual,[COMPETITOR FACTS PENDING],Unassigned,,,
A-044,Planned,23,Decision,Comparison,Credential shoppers,Global,All certifications,PCI vs PRINCE2: methodology certification vs applied controls credential,pci vs prince2,prince2 comparison,"methodology, applied practice, assessment",How does PCI differ from PRINCE2?,comparison,Spoke,A-040,pci-vs-prince2,projectcontrolsinstitute.org,[DEEP URL PENDING],pillar:A-040; siblings:A-023; money:/certifications,PeopleCert official pages,PeopleCert,1600-2200,Decide with the guide,Article,social-core,Approach-contrast diagram,[COMPETITOR FACTS PENDING],Unassigned,,,
A-045,Planned,24,Decision,Comparison,Finance/audit/IT professionals,Global,All certifications,PCI vs finance and audit credentials: an honest orientation,pci vs finance certifications,cfa cia cisa cpa acca cima comparison,"purpose, jurisdiction, regulation",Where does PCI sit among finance/audit credentials?,comparison,Pillar,New pillar page,pci-vs-finance-audit-credentials,projectcontrolsinstitute.org,[DEEP URL PENDING],pillar:self; siblings:A-042 A-043; money:/certifications,Official body pages,"CFA Institute, IIA, ISACA, jurisdictional CPA boards, ACCA, CIMA",1800-2400,Find your fit,Article,full,Landscape map graphic,[COMPETITOR FACTS PENDING],Unassigned,,,
A-046,Planned (pilot),25,Decision,Informational,Prospective candidates,Global,All certifications,Which PCI certification should I take first? A decision guide,which pci certification,pcl-ai vs pfl-ai vs pml-ai,"role, goals, sequencing",Which of the three credentials fits me now?,faq,Pillar,New pillar page,which-pci-certification-first,projectcontrolsinstitute.org,[DEEP URL PENDING],pillar:self; siblings:A-024; money:/certifications,PCI programme pages,none,1400-1800,Take the decision path,Article+FAQPage,full,Decision-tree graphic,none,Unassigned,,,
A-047,Planned,25,Awareness,Informational,Sceptical researchers,Global,All certifications,Is PCI certification legitimate? How to check for yourself,is pci certification legit,"pci reviews, legitimacy check","verification, governance, policies",How do I verify PCI's legitimacy independently?,trust,Spoke,A-046,is-pci-certification-legitimate,projectcontrolsinstitute.org,[DEEP URL PENDING],pillar:A-046; siblings:A-001 A-002; money:/certifications,PCI policy pages,none,1300-1700,Verify for yourself,Article+FAQPage,social-core,Checklist visual,[LEGAL STATUS — PCI APPROVAL REQUIRED],Unassigned,,,
A-048,Planned,25,Consideration,Informational,Busy professionals,Global,All certifications,How long does PCI certification take? Honest time planning,how long pci certification,"study time, time commitment","hours, weeks, pacing",How much time should I budget?,faq,Spoke,A-046,how-long-pci-certification-takes,projectcontrolsinstitute.org,[DEEP URL PENDING],pillar:A-046; siblings:A-014; money:/certifications,PCI guidance; illustrative examples labelled,none,1100-1500,Plan your calendar,Article+FAQPage,social-core,Timeline scenarios graphic,none,Unassigned,,,
A-049,Planned,25,Awareness,Informational,Myth-checkers,Global,All certifications,"Five myths about AI in project controls, corrected",ai project controls myths,"ai replacing planners, ai myths","automation, judgement, governance",Will AI replace project controls professionals?,standard,Spoke,A-046,ai-project-controls-myths,projectcontrolsinstitute.org,[DEEP URL PENDING],pillar:A-046; siblings:A-038; money:/certifications,Authoritative sources,none,1300-1700,See the real skills,Article,social-core,Human-with-tools scene (no robots),none,Unassigned,,,
A-050,Planned,25,Decision,Informational,Employers' HR teams,Global,All certifications,How employers can verify and value PCI credentials,employer verify pci credential,credential checks for hiring,"verification, registry, competence signals",How should an employer treat a PCI credential in hiring?,trust,Spoke,A-046,employers-verify-pci-credentials,projectcontrolsinstitute.org,[DEEP URL PENDING],pillar:A-046; siblings:A-002 A-010; money:/certifications; world:pciworld.org/careers,PCI verification policy,none,1200-1600,Verify a candidate,Article,social-core,HR verification workflow,none,Unassigned,,,
A-051,Planned,1,Consideration,Informational,"Prospective candidates, employers and regulators",Global,PCI (entity),"What ""developed with reference to ISO/IEC 17024"" means at PCI",iso 17024 certification meaning,"iso, 17024, what, does, referencing","certification, meaning, referencing, commit",What does referencing ISO/IEC 17024 actually commit PCI to?,trust,Spoke,A-001,what-developed-with-reference-to-iso-iec-17024-means-at-pci,projectcontrolsinstitute.org,[DEEP URL PENDING],"pillar:A-001; cluster:PCI entity, mission, governance and policies; money:/certifications",PCI policy pages,none,1200-1800,Read the policies,Article,social-core,"Brief: what ""developed with reference to iso/iec 17024"" means at pci",[LEGAL STATUS — PCI APPROVAL REQUIRED]; [LIVE-SITE VERIFICATION PENDING],Unassigned,,,
A-052,Planned,1,Consideration,Informational,"Prospective candidates, employers and regulators",Global,PCI (entity),"PCI's accreditation status, stated plainly",is pci accredited,"is, pci, accredited,","accredited, whom","Is PCI accredited, and by whom?",trust,Spoke,A-001,pci-s-accreditation-status-stated-plainly,projectcontrolsinstitute.org,[DEEP URL PENDING],"pillar:A-001; cluster:PCI entity, mission, governance and policies; money:/certifications",PCI policy pages,none,1200-1800,Read the policies,Article,social-core,"Brief: pci's accreditation status, stated plainly",[LEGAL STATUS — PCI APPROVAL REQUIRED]; [LIVE-SITE VERIFICATION PENDING],Unassigned,,,
A-053,Planned,1,Consideration,Informational,"Prospective candidates, employers and regulators",Global,PCI (entity),Who makes PCI certification decisions,pci certification board,"pci, certification, which, people, and","certification, board, people, committees, decide, outcomes",Which people and committees decide outcomes?,trust,Spoke,A-001,who-makes-pci-certification-decisions,projectcontrolsinstitute.org,[DEEP URL PENDING],"pillar:A-001; cluster:PCI entity, mission, governance and policies; money:/certifications",PCI policy pages,none,1200-1800,Read the policies,Article,social-core,Brief: who makes pci certification decisions,[LIVE-SITE VERIFICATION PENDING],Unassigned,,,
A-054,Planned,1,Consideration,Informational,"Prospective candidates, employers and regulators",Global,PCI (entity),Impartiality by design: why PCI separates the standard from the training,certification body impartiality,"certification, body, why, does, pci","certification, body, impartiality, sell, exam, preparation",Why does PCI not sell its own exam preparation?,trust,Spoke,A-001,impartiality-by-design-why-pci-separates-the-standard-from-the-trainin,projectcontrolsinstitute.org,[DEEP URL PENDING],"pillar:A-001; cluster:PCI entity, mission, governance and policies; money:/certifications",PCI policy pages,none,1200-1800,Read the policies,Article,social-core,Brief: impartiality by design: why pci separates the standard from the training,[LIVE-SITE VERIFICATION PENDING],Unassigned,,,
A-055,Planned,1,Awareness,Informational,"Prospective candidates, employers and regulators",Global,PCI (entity),How PCI writes and maintains a body of knowledge,body of knowledge development,"body, of, how, is, the","body, knowledge, development, examined, syllabus, produced, kept, current",How is the examined syllabus produced and kept current?,trust,Spoke,A-001,how-pci-writes-and-maintains-a-body-of-knowledge,projectcontrolsinstitute.org,[DEEP URL PENDING],"pillar:A-001; cluster:PCI entity, mission, governance and policies; money:/certifications",PCI policy pages,none,1200-1800,Read the policies,Article,social-core,Brief: how pci writes and maintains a body of knowledge,[LIVE-SITE VERIFICATION PENDING],Unassigned,,,
A-056,Planned,1,Retention,Informational,"Prospective candidates, employers and regulators",Global,PCI (entity),Complaints and appeals at PCI,certification appeal process,"certification, appeal, how, do, i","certification, appeal, process, challenge, decision, believe, wrong",How do I challenge a decision I believe is wrong?,trust,Spoke,A-001,complaints-and-appeals-at-pci,projectcontrolsinstitute.org,[DEEP URL PENDING],"pillar:A-001; cluster:PCI entity, mission, governance and policies; money:/certifications",PCI policy pages,none,1200-1800,Read the policies,Article,social-core,Brief: complaints and appeals at pci,[LIVE-SITE VERIFICATION PENDING],Unassigned,,,
A-057,Planned,1,Retention,Informational,"Prospective candidates, employers and regulators",Global,PCI (entity),Ethics and professional conduct for PCI certificants,project controls code of conduct,"project, controls, what, conduct, is","project, controls, code, conduct, expected, certificant",What conduct is expected of a certificant?,trust,Spoke,A-001,ethics-and-professional-conduct-for-pci-certificants,projectcontrolsinstitute.org,[DEEP URL PENDING],"pillar:A-001; cluster:PCI entity, mission, governance and policies; money:/certifications",PCI policy pages,none,1200-1800,Read the policies,Article,social-core,Brief: ethics and professional conduct for pci certificants,[LIVE-SITE VERIFICATION PENDING],Unassigned,,,
A-058,Planned,1,Consideration,Informational,"Prospective candidates, employers and regulators",Global,PCI (entity),How PCI handles candidate data,certification body data protection,"certification, body, what, happens, to","certification, body, data, protection, happens, personal, documents",What happens to my personal data and ID documents?,trust,Spoke,A-001,how-pci-handles-candidate-data,projectcontrolsinstitute.org,[DEEP URL PENDING],"pillar:A-001; cluster:PCI entity, mission, governance and policies; money:/certifications",PCI policy pages,none,1200-1800,Read the policies,Article,social-core,Brief: how pci handles candidate data,[LIVE-SITE VERIFICATION PENDING],Unassigned,,,
A-059,Planned,1,Consideration,Informational,"Prospective candidates, employers and regulators",Global,PCI (entity),PCI's AI-use and academic-integrity policy for candidates,exam ai policy,"exam, ai, where, is","exam, policy, allowed, preparation, assessment",Where is AI allowed in preparation and assessment?,trust,Spoke,A-001,pci-s-ai-use-and-academic-integrity-policy-for-candidates,projectcontrolsinstitute.org,[DEEP URL PENDING],"pillar:A-001; cluster:PCI entity, mission, governance and policies; money:/certifications",PCI policy pages,none,1200-1800,Read the policies,Article,social-core,Brief: pci's ai-use and academic-integrity policy for candidates,[LIVE-SITE VERIFICATION PENDING],Unassigned,,,
A-060,Planned,1,Retention,Informational,"Prospective candidates, employers and regulators",Global,PCI (entity),When a PCI credential can be revoked,certification revocation,"certification, revocation, what, could, cause","certification, revocation, cause, credential, withdrawn",What could cause a credential to be withdrawn?,trust,Spoke,A-001,when-a-pci-credential-can-be-revoked,projectcontrolsinstitute.org,[DEEP URL PENDING],"pillar:A-001; cluster:PCI entity, mission, governance and policies; money:/certifications",PCI policy pages,none,1200-1800,Read the policies,Article,social-core,Brief: when a pci credential can be revoked,[LIVE-SITE VERIFICATION PENDING],Unassigned,,,
A-061,Planned,1,Awareness,Informational,"Prospective candidates, employers and regulators",Global,PCI (entity),Why PCI exists: the case for an integrated project-controls credential,why project controls certification,"why, project, what, gap, is","project, controls, certification, trying, close",What gap is PCI trying to close?,trust,Spoke,A-001,why-pci-exists-the-case-for-an-integrated-project-controls-credential,projectcontrolsinstitute.org,[DEEP URL PENDING],"pillar:A-001; cluster:PCI entity, mission, governance and policies; money:/certifications",PCI policy pages,none,1200-1800,Read the policies,Article,social-core,Brief: why pci exists: the case for an integrated project-controls credential,[LEGAL STATUS — PCI APPROVAL REQUIRED]; [LIVE-SITE VERIFICATION PENDING],Unassigned,,,
A-062,Planned,1,Consideration,Informational,"Prospective candidates, employers and regulators",Global,PCI (entity),Reasonable adjustments and accessibility in PCI examinations,exam reasonable adjustments,"exam, reasonable, what, adjustments, can","exam, reasonable, adjustments, request","What adjustments can I request, and how?",trust,Spoke,A-001,reasonable-adjustments-and-accessibility-in-pci-examinations,projectcontrolsinstitute.org,[DEEP URL PENDING],"pillar:A-001; cluster:PCI entity, mission, governance and policies; money:/certifications",PCI policy pages,none,1200-1800,Read the policies,Article,social-core,Brief: reasonable adjustments and accessibility in pci examinations,[LIVE-SITE VERIFICATION PENDING],Unassigned,,,
A-063,Planned,2,Decision,Informational,Prospective candidates,Global,All certifications,"The three-years-of-experience rule, explained",project controls certification experience requirement,"project, controls, what, counts, toward","project, controls, certification, experience, requirement, counts, toward, three",What counts toward the three-year requirement?,pricing-route,Spoke,A-005,the-three-years-of-experience-rule-explained,projectcontrolsinstitute.org,[DEEP URL PENDING],"pillar:A-005; cluster:Certification routes, eligibility, pricing and FAQs; money:/certifications",PCI pricing and policy pages,none,1200-1800,See current pricing,Article,social-core,"Brief: the three-years-of-experience rule, explained",[PRICE UNVERIFIED]; [LIVE-SITE VERIFICATION PENDING],Unassigned,,,
A-064,Planned,2,Decision,Commercial,Prospective candidates,Global,All certifications,Membership or certification: what each one gives you,pci membership vs certification,"pci, membership, do, i, need","membership, certification, both","Do I need membership, certification, or both?",pricing-route,Spoke,A-005,membership-or-certification-what-each-one-gives-you,projectcontrolsinstitute.org,[DEEP URL PENDING],"pillar:A-005; cluster:Certification routes, eligibility, pricing and FAQs; money:/certifications",PCI pricing and policy pages,none,1200-1800,See current pricing,Article,social-core,Brief: membership or certification: what each one gives you,[PRICE UNVERIFIED]; [LIVE-SITE VERIFICATION PENDING],Unassigned,,,
A-065,Planned,2,Decision,Commercial,Prospective candidates,Global,All certifications,"The membership + exam bundle, explained",pci exam bundle,"pci, exam, is, the, bundle","exam, bundle, worth, situation",Is the bundle worth it for my situation?,pricing-route,Spoke,A-005,the-membership-exam-bundle-explained,projectcontrolsinstitute.org,[DEEP URL PENDING],"pillar:A-005; cluster:Certification routes, eligibility, pricing and FAQs; money:/certifications",PCI pricing and policy pages,none,1200-1800,See current pricing,Article,social-core,"Brief: the membership + exam bundle, explained",[PRICE UNVERIFIED]; [LIVE-SITE VERIFICATION PENDING],Unassigned,,,
A-066,Planned,2,Decision,Commercial,Prospective candidates,Global,All certifications,"Discount codes, waivers and sponsorships at PCI",pci discount code,"pci, discount, what, reductions, exist","discount, code, reductions, exist, qualifies",What reductions exist and who qualifies?,pricing-route,Spoke,A-005,discount-codes-waivers-and-sponsorships-at-pci,projectcontrolsinstitute.org,[DEEP URL PENDING],"pillar:A-005; cluster:Certification routes, eligibility, pricing and FAQs; money:/certifications",PCI pricing and policy pages,none,1200-1800,See current pricing,Article,social-core,"Brief: discount codes, waivers and sponsorships at pci",[PRICE UNVERIFIED]; [LIVE-SITE VERIFICATION PENDING],Unassigned,,,
A-067,Planned,2,Decision,Informational,Prospective candidates,Global,All certifications,"Payments, receipts and refunds",pci refund policy,"pci, refund, what, happens, if","refund, policy, happens, twice, cancel",What happens if I pay twice or need to cancel?,pricing-route,Spoke,A-005,payments-receipts-and-refunds,projectcontrolsinstitute.org,[DEEP URL PENDING],"pillar:A-005; cluster:Certification routes, eligibility, pricing and FAQs; money:/certifications",PCI pricing and policy pages,none,1200-1800,See current pricing,Article,social-core,"Brief: payments, receipts and refunds",[PRICE UNVERIFIED]; [LIVE-SITE VERIFICATION PENDING],Unassigned,,,
A-068,Planned,2,Decision,Informational,Prospective candidates,Global,All certifications,"The Founding Route, explained",pci founding route,"pci, founding, what, is, the","founding, route, cohort, someone, join",What is the founding cohort and how does someone join?,pricing-route,Spoke,A-005,the-founding-route-explained,projectcontrolsinstitute.org,[DEEP URL PENDING],"pillar:A-005; cluster:Certification routes, eligibility, pricing and FAQs; money:/certifications",PCI pricing and policy pages,none,1200-1800,See current pricing,Article,social-core,"Brief: the founding route, explained",[PRICE UNVERIFIED]; [LIVE-SITE VERIFICATION PENDING],Unassigned,,,
A-069,Planned,2,Decision,Commercial,Prospective candidates,Global,All certifications,Employer-sponsored candidates: how sponsorship works,employer sponsored certification,"employer, sponsored, how, does, an","employer, sponsored, certification, track, candidates",How does an employer pay for and track candidates?,career,Spoke,A-005,employer-sponsored-candidates-how-sponsorship-works,projectcontrolsinstitute.org,[DEEP URL PENDING],"pillar:A-005; cluster:Certification routes, eligibility, pricing and FAQs; money:/certifications",PCI pricing and policy pages,none,1200-1800,Map your pathway,Article,social-core,Brief: employer-sponsored candidates: how sponsorship works,[LIVE-SITE VERIFICATION PENDING],Unassigned,,,
A-070,Planned,2,Decision,Informational,Prospective candidates,Global,All certifications,Do I need PCI membership to sit an examination?,pci membership required exam,"pci, membership, is, a","membership, required, exam, prerequisite",Is membership a prerequisite for the exam?,pricing-route,Spoke,A-005,do-i-need-pci-membership-to-sit-an-examination,projectcontrolsinstitute.org,[DEEP URL PENDING],"pillar:A-005; cluster:Certification routes, eligibility, pricing and FAQs; money:/certifications",PCI pricing and policy pages,none,1200-1800,See current pricing,Article,social-core,Brief: do i need pci membership to sit an examination?,[PRICE UNVERIFIED]; [LIVE-SITE VERIFICATION PENDING],Unassigned,,,
A-071,Planned,2,Decision,Commercial,Prospective candidates,Global,All certifications,Taking more than one PCI certification,multiple pci certifications,"multiple, pci, can, i, hold","multiple, certifications, hold, three, credentials","Can I hold two or three credentials, and should I?",pricing-route,Spoke,A-005,taking-more-than-one-pci-certification,projectcontrolsinstitute.org,[DEEP URL PENDING],"pillar:A-005; cluster:Certification routes, eligibility, pricing and FAQs; money:/certifications",PCI pricing and policy pages,none,1200-1800,See current pricing,Article,social-core,Brief: taking more than one pci certification,[PRICE UNVERIFIED]; [LIVE-SITE VERIFICATION PENDING],Unassigned,,,
A-072,Planned,2,Decision,Informational,Prospective candidates,Global,All certifications,"Currency, payment methods and instalments",pci payment methods,"pci, payment, how, can, i","payment, methods, instalments, available","How can I pay, and are instalments available?",pricing-route,Spoke,A-005,currency-payment-methods-and-instalments,projectcontrolsinstitute.org,[DEEP URL PENDING],"pillar:A-005; cluster:Certification routes, eligibility, pricing and FAQs; money:/certifications",PCI pricing and policy pages,none,1200-1800,See current pricing,Article,social-core,"Brief: currency, payment methods and instalments",[PRICE UNVERIFIED]; [LIVE-SITE VERIFICATION PENDING],Unassigned,,,
A-073,Planned,2,Consideration,Informational,Prospective candidates,Global,All certifications,How long a PCI credential lasts,pci credential validity,"pci, credential, when, does, my","credential, validity, expire",When does my credential expire?,pricing-route,Spoke,A-005,how-long-a-pci-credential-lasts,projectcontrolsinstitute.org,[DEEP URL PENDING],"pillar:A-005; cluster:Certification routes, eligibility, pricing and FAQs; money:/certifications",PCI pricing and policy pages,none,1200-1800,See current pricing,Article,social-core,Brief: how long a pci credential lasts,[PRICE UNVERIFIED]; [LIVE-SITE VERIFICATION PENDING],Unassigned,,,
A-074,Planned,2,Decision,Informational,Prospective candidates,Global,All certifications,"Booking, rescheduling and missed examinations",reschedule pci exam,"reschedule, pci, what, happens, if","reschedule, exam, happens, move, date",What happens if I need to move my exam date?,faq,Spoke,A-005,booking-rescheduling-and-missed-examinations,projectcontrolsinstitute.org,[DEEP URL PENDING],"pillar:A-005; cluster:Certification routes, eligibility, pricing and FAQs; money:/certifications",PCI pricing and policy pages,none,1100-1500,Explore the certifications,Article+FAQPage,social-core,"Brief: booking, rescheduling and missed examinations",[LIVE-SITE VERIFICATION PENDING],Unassigned,,,
A-075,Planned,2,Decision,Informational,Prospective candidates,Global,All certifications,Identity requirements for a proctored PCI examination,online proctored exam id,"online, proctored, what, id, do","online, proctored, exam",What ID do I need on exam day?,faq,Spoke,A-005,identity-requirements-for-a-proctored-pci-examination,projectcontrolsinstitute.org,[DEEP URL PENDING],"pillar:A-005; cluster:Certification routes, eligibility, pricing and FAQs; money:/certifications",PCI pricing and policy pages,none,1100-1500,Explore the certifications,Article+FAQPage,social-core,Brief: identity requirements for a proctored pci examination,[LIVE-SITE VERIFICATION PENDING],Unassigned,,,
A-076,Planned,2,Decision,Informational,Prospective candidates,Global,All certifications,From submission to decision: certification timelines,pci certification timeline,"pci, certification, how, long, does","certification, timeline, long, each, stage, take",How long does each stage take?,pricing-route,Spoke,A-005,from-submission-to-decision-certification-timelines,projectcontrolsinstitute.org,[DEEP URL PENDING],"pillar:A-005; cluster:Certification routes, eligibility, pricing and FAQs; money:/certifications",PCI pricing and policy pages,none,1200-1800,See current pricing,Article,social-core,Brief: from submission to decision: certification timelines,[PRICE UNVERIFIED]; [LIVE-SITE VERIFICATION PENDING],Unassigned,,,
A-077,Planned,3,Consideration,Informational,Project controls practitioners,Global,PCL-AI,Is PCL-AI the right credential for you?,pcl-ai candidate profile,"pcl-ai, candidate, does, my, role","candidate, profile, role, experience",Does my role and experience fit PCL-AI?,standard,Spoke,A-011,is-pcl-ai-the-right-credential-for-you,projectcontrolsinstitute.org,/certifications/pcl-ai,pillar:A-011; cluster:PCI PCL-AI; money:/certifications,PCI PCL-AI syllabus,none,1400-2000,Review the credential,Article,social-core,Brief: is pcl-ai the right credential for you?,[LIVE-SITE VERIFICATION PENDING],Unassigned,,,
A-078,Planned,3,Consideration,Informational,Project controls practitioners,Global,PCL-AI,Earned value in PCL-AI: what is examined,pcl-ai earned value,"pcl-ai, earned, how, deeply, does","earned, value, deeply, test",How deeply does PCL-AI test EVM?,faq,Spoke,A-011,earned-value-in-pcl-ai-what-is-examined,projectcontrolsinstitute.org,/certifications/pcl-ai,pillar:A-011; cluster:PCI PCL-AI; money:/certifications,PCI PCL-AI syllabus,none,1100-1500,Review the credential,Article+FAQPage,social-core,Brief: earned value in pcl-ai: what is examined,[LIVE-SITE VERIFICATION PENDING],Unassigned,,,
A-079,Planned,3,Consideration,Informational,Project controls practitioners,Global,PCL-AI,Forecasting in PCL-AI: what is examined,pcl-ai forecasting,"pcl-ai, forecasting, what, competence","forecasting, competence, assess",What forecasting competence does PCL-AI assess?,faq,Spoke,A-011,forecasting-in-pcl-ai-what-is-examined,projectcontrolsinstitute.org,/certifications/pcl-ai,pillar:A-011; cluster:PCI PCL-AI; money:/certifications,PCI PCL-AI syllabus,none,1100-1500,Review the credential,Article+FAQPage,social-core,Brief: forecasting in pcl-ai: what is examined,[LIVE-SITE VERIFICATION PENDING],Unassigned,,,
A-080,Planned,3,Consideration,Informational,Project controls practitioners,Global,PCL-AI,Risk in PCL-AI: what is examined,pcl-ai risk management,"pcl-ai, risk, what, competence","risk, management, competence, assess",What risk competence does PCL-AI assess?,faq,Spoke,A-011,risk-in-pcl-ai-what-is-examined,projectcontrolsinstitute.org,/certifications/pcl-ai,pillar:A-011; cluster:PCI PCL-AI; money:/certifications,PCI PCL-AI syllabus,none,1100-1500,Review the credential,Article+FAQPage,social-core,Brief: risk in pcl-ai: what is examined,[LIVE-SITE VERIFICATION PENDING],Unassigned,,,
A-081,Planned,3,Consideration,Informational,Project controls practitioners,Global,PCL-AI,Planning and scheduling in PCL-AI: what is examined,pcl-ai scheduling,"pcl-ai, scheduling, what, competence","scheduling, competence, assess",What scheduling competence does PCL-AI assess?,faq,Spoke,A-011,planning-and-scheduling-in-pcl-ai-what-is-examined,projectcontrolsinstitute.org,/certifications/pcl-ai,pillar:A-011; cluster:PCI PCL-AI; money:/certifications,PCI PCL-AI syllabus,none,1100-1500,Review the credential,Article+FAQPage,social-core,Brief: planning and scheduling in pcl-ai: what is examined,[LIVE-SITE VERIFICATION PENDING],Unassigned,,,
A-082,Planned,3,Consideration,Informational,Project controls practitioners,Global,PCL-AI,Cost control in PCL-AI: what is examined,pcl-ai cost control,"pcl-ai, cost, what, competence","cost, control, competence, assess",What cost competence does PCL-AI assess?,faq,Spoke,A-011,cost-control-in-pcl-ai-what-is-examined,projectcontrolsinstitute.org,/certifications/pcl-ai,pillar:A-011; cluster:PCI PCL-AI; money:/certifications,PCI PCL-AI syllabus,none,1100-1500,Review the credential,Article+FAQPage,social-core,Brief: cost control in pcl-ai: what is examined,[LIVE-SITE VERIFICATION PENDING],Unassigned,,,
A-083,Planned,3,Consideration,Informational,Project controls practitioners,Global,PCL-AI,Governed AI in PCL-AI: what is examined,pcl-ai artificial intelligence,"pcl-ai, artificial, what, does","artificial, intelligence, expect",What does PCL-AI expect you to do with AI?,faq,Spoke,A-011,governed-ai-in-pcl-ai-what-is-examined,projectcontrolsinstitute.org,/certifications/pcl-ai,pillar:A-011; cluster:PCI PCL-AI; money:/certifications,PCI PCL-AI syllabus,none,1100-1500,Review the credential,Article+FAQPage,social-core,Brief: governed ai in pcl-ai: what is examined,[LIVE-SITE VERIFICATION PENDING],Unassigned,,,
A-084,Planned,3,Consideration,Informational,Project controls practitioners,Global,PCL-AI,"A worked PCL-AI scenario question, step by step",pcl-ai sample question,"pcl-ai, sample, what, does, a","sample, question, scenario, look, like",What does a scenario question actually look like?,asset,Spoke,A-011,a-worked-pcl-ai-scenario-question-step-by-step,projectcontrolsinstitute.org,/certifications/pcl-ai,pillar:A-011; cluster:PCI PCL-AI; money:/certifications,PCI PCL-AI syllabus,none,1400-2000,Review the credential,Article+BreadcrumbList,full,"Brief: a worked pcl-ai scenario question, step by step",[LIVE-SITE VERIFICATION PENDING],Unassigned,,,
A-085,Planned,3,Consideration,Informational,Project controls practitioners,Global,PCL-AI,What PCL-AI adds to ten years of site experience,certification vs experience,"certification, vs, i, already, do","certification, experience, already, work, credential",I already do this work — what does the credential add?,standard,Spoke,A-011,what-pcl-ai-adds-to-ten-years-of-site-experience,projectcontrolsinstitute.org,/certifications/pcl-ai,pillar:A-011; cluster:PCI PCL-AI; money:/certifications,PCI PCL-AI syllabus,none,1400-2000,Review the credential,Article,social-core,Brief: what pcl-ai adds to ten years of site experience,[LIVE-SITE VERIFICATION PENDING],Unassigned,,,
A-086,Planned,3,Awareness,Informational,Project controls practitioners,Global,PCL-AI,From PCP-AI to PCL-AI: the rename explained,pcp-ai renamed,"pcp-ai, renamed, i, saw","renamed, referenced, same, credential",I saw PCP-AI referenced — is that the same credential?,faq,Spoke,A-011,from-pcp-ai-to-pcl-ai-the-rename-explained,projectcontrolsinstitute.org,/certifications/pcl-ai,pillar:A-011; cluster:PCI PCL-AI; money:/certifications,PCI PCL-AI syllabus,none,1100-1500,Review the credential,Article+FAQPage,social-core,Brief: from pcp-ai to pcl-ai: the rename explained,[LIVE-SITE VERIFICATION PENDING],Unassigned,,,
A-087,Planned,3,Consideration,Commercial,Project controls practitioners,Global,PCL-AI,PCL-AI for construction professionals,project controls certification construction,"project, controls, how, does, pcl-ai","project, controls, certification, construction, delivery",How does PCL-AI map to construction delivery?,career,Spoke,A-011,pcl-ai-for-construction-professionals,projectcontrolsinstitute.org,/certifications/pcl-ai,pillar:A-011; cluster:PCI PCL-AI; money:/certifications,PCI PCL-AI syllabus,none,1400-2000,Map your pathway,Article,social-core,Brief: pcl-ai for construction professionals,[LIVE-SITE VERIFICATION PENDING],Unassigned,,,
A-088,Planned,3,Consideration,Commercial,Project controls practitioners,Global,PCL-AI,PCL-AI for energy and infrastructure,project controls certification energy,"project, controls, how, does, pcl-ai","project, controls, certification, energy, projects",How does PCL-AI map to energy projects?,career,Spoke,A-011,pcl-ai-for-energy-and-infrastructure,projectcontrolsinstitute.org,/certifications/pcl-ai,pillar:A-011; cluster:PCI PCL-AI; money:/certifications,PCI PCL-AI syllabus,none,1400-2000,Map your pathway,Article,social-core,Brief: pcl-ai for energy and infrastructure,[LIVE-SITE VERIFICATION PENDING],Unassigned,,,
A-089,Planned,3,Consideration,Commercial,Project controls practitioners,Global,PCL-AI,"PCL-AI for defence, aerospace and regulated programmes",project controls certification defence,"project, controls, how, does, pcl-ai","project, controls, certification, defence, regulated, programmes",How does PCL-AI map to regulated programmes?,career,Spoke,A-011,pcl-ai-for-defence-aerospace-and-regulated-programmes,projectcontrolsinstitute.org,/certifications/pcl-ai,pillar:A-011; cluster:PCI PCL-AI; money:/certifications,PCI PCL-AI syllabus,none,1400-2000,Map your pathway,Article,social-core,"Brief: pcl-ai for defence, aerospace and regulated programmes",[LIVE-SITE VERIFICATION PENDING],Unassigned,,,
A-090,Planned,3,Decision,Informational,Project controls practitioners,Global,PCL-AI,Building a PCL-AI study plan around a full-time job,pcl-ai study plan,"pcl-ai, study, how, do, i","study, plan, prepare, without, taking, leave",How do I prepare without taking leave?,applied,Spoke,A-011,building-a-pcl-ai-study-plan-around-a-full-time-job,projectcontrolsinstitute.org,/certifications/pcl-ai,pillar:A-011; cluster:PCI PCL-AI; money:/certifications,PCI PCL-AI syllabus,none,1400-2000,Practise it in the labs,Article,social-core,Brief: building a pcl-ai study plan around a full-time job,[LIVE-SITE VERIFICATION PENDING],Unassigned,,,
A-091,Planned,3,Decision,Informational,Project controls practitioners,Global,PCL-AI,Five ways PCL-AI candidates lose marks,pcl-ai exam mistakes,"pcl-ai, exam, what, are, the","exam, mistakes, common, preparation",What are the common preparation mistakes?,faq,Spoke,A-011,five-ways-pcl-ai-candidates-lose-marks,projectcontrolsinstitute.org,/certifications/pcl-ai,pillar:A-011; cluster:PCI PCL-AI; money:/certifications,PCI PCL-AI syllabus,none,1100-1500,Review the credential,Article+FAQPage,social-core,Brief: five ways pcl-ai candidates lose marks,[LIVE-SITE VERIFICATION PENDING],Unassigned,,,
A-092,Planned,4,Consideration,Informational,Finance and commercial professionals,Global,PFL-AI,Is PFL-AI the right credential for you?,pfl-ai candidate profile,"pfl-ai, candidate, does, my, role","candidate, profile, role, experience",Does my role and experience fit PFL-AI?,standard,Spoke,A-016,is-pfl-ai-the-right-credential-for-you,projectcontrolsinstitute.org,/certifications/pfl-ai,pillar:A-016; cluster:PCI PFL-AI; money:/certifications,PCI PFL-AI syllabus,none,1400-2000,Review the credential,Article,social-core,Brief: is pfl-ai the right credential for you?,[LIVE-SITE VERIFICATION PENDING],Unassigned,,,
A-093,Planned,4,Consideration,Informational,Finance and commercial professionals,Global,PFL-AI,Financial modelling in PFL-AI: what is examined,pfl-ai financial modelling,"pfl-ai, financial, what, modelling, competence","financial, modelling, competence, assess",What modelling competence does PFL-AI assess?,faq,Spoke,A-016,financial-modelling-in-pfl-ai-what-is-examined,projectcontrolsinstitute.org,/certifications/pfl-ai,pillar:A-016; cluster:PCI PFL-AI; money:/certifications,PCI PFL-AI syllabus,none,1100-1500,Review the credential,Article+FAQPage,social-core,Brief: financial modelling in pfl-ai: what is examined,[LIVE-SITE VERIFICATION PENDING],Unassigned,,,
A-094,Planned,4,Consideration,Informational,Finance and commercial professionals,Global,PFL-AI,Capital structure in PFL-AI: what is examined,pfl-ai capital structure,"pfl-ai, capital, what, does","capital, structure, expect, debt, equity",What does PFL-AI expect on debt and equity?,faq,Spoke,A-016,capital-structure-in-pfl-ai-what-is-examined,projectcontrolsinstitute.org,/certifications/pfl-ai,pillar:A-016; cluster:PCI PFL-AI; money:/certifications,PCI PFL-AI syllabus,none,1100-1500,Review the credential,Article+FAQPage,social-core,Brief: capital structure in pfl-ai: what is examined,[LIVE-SITE VERIFICATION PENDING],Unassigned,,,
A-095,Planned,4,Consideration,Informational,Finance and commercial professionals,Global,PFL-AI,Bankability in PFL-AI: what is examined,project bankability,"project, bankability, what, makes, a","project, bankability, makes, bankable, tested","What makes a project bankable, and how is it tested?",faq,Spoke,A-016,bankability-in-pfl-ai-what-is-examined,projectcontrolsinstitute.org,/certifications/pfl-ai,pillar:A-016; cluster:PCI PFL-AI; money:/certifications,PCI PFL-AI syllabus,none,1100-1500,Review the credential,Article+FAQPage,social-core,Brief: bankability in pfl-ai: what is examined,[LIVE-SITE VERIFICATION PENDING],Unassigned,,,
A-096,Planned,4,Consideration,Informational,Finance and commercial professionals,Global,PFL-AI,"Coverage ratios in PFL-AI: DSCR, LLCR and what they mean",dscr project finance,"dscr, project, how, are, coverage","dscr, project, finance, coverage, ratios, calculated, read",How are coverage ratios calculated and read?,applied,Spoke,A-016,coverage-ratios-in-pfl-ai-dscr-llcr-and-what-they-mean,projectcontrolsinstitute.org,/certifications/pfl-ai,pillar:A-016; cluster:PCI PFL-AI; money:/certifications,PCI PFL-AI syllabus,none,1400-2000,Practise it in the labs,Article,social-core,"Brief: coverage ratios in pfl-ai: dscr, llcr and what they mean",[LIVE-SITE VERIFICATION PENDING],Unassigned,,,
A-097,Planned,4,Consideration,Informational,Finance and commercial professionals,Global,PFL-AI,PPP structures in PFL-AI: what is examined,ppp project finance,"ppp, project, what, knowledge","project, finance, knowledge, assess",What PPP knowledge does PFL-AI assess?,faq,Spoke,A-016,ppp-structures-in-pfl-ai-what-is-examined,projectcontrolsinstitute.org,/certifications/pfl-ai,pillar:A-016; cluster:PCI PFL-AI; money:/certifications,PCI PFL-AI syllabus,none,1100-1500,Review the credential,Article+FAQPage,social-core,Brief: ppp structures in pfl-ai: what is examined,[LIVE-SITE VERIFICATION PENDING],Unassigned,,,
A-098,Planned,4,Consideration,Informational,Finance and commercial professionals,Global,PFL-AI,Financial close in PFL-AI: what is examined,project financial close,"project, financial, what, happens, at","project, financial, close, happens",What happens at financial close?,faq,Spoke,A-016,financial-close-in-pfl-ai-what-is-examined,projectcontrolsinstitute.org,/certifications/pfl-ai,pillar:A-016; cluster:PCI PFL-AI; money:/certifications,PCI PFL-AI syllabus,none,1100-1500,Review the credential,Article+FAQPage,social-core,Brief: financial close in pfl-ai: what is examined,[LIVE-SITE VERIFICATION PENDING],Unassigned,,,
A-099,Planned,4,Consideration,Informational,Finance and commercial professionals,Global,PFL-AI,Accounting foundations for PFL-AI candidates,accounting for project managers,"accounting, for, how, much","accounting, project, managers",How much accounting do I actually need?,faq,Spoke,A-016,accounting-foundations-for-pfl-ai-candidates,projectcontrolsinstitute.org,/certifications/pfl-ai,pillar:A-016; cluster:PCI PFL-AI; money:/certifications,PCI PFL-AI syllabus,none,1100-1500,Review the credential,Article+FAQPage,social-core,Brief: accounting foundations for pfl-ai candidates,[LIVE-SITE VERIFICATION PENDING],Unassigned,,,
A-100,Planned,4,Consideration,Informational,Finance and commercial professionals,Global,PFL-AI,"A worked PFL-AI scenario question, step by step",pfl-ai sample question,"pfl-ai, sample, what, does, a","sample, question, scenario, look, like",What does a PFL-AI scenario look like?,asset,Spoke,A-016,a-worked-pfl-ai-scenario-question-step-by-step,projectcontrolsinstitute.org,/certifications/pfl-ai,pillar:A-016; cluster:PCI PFL-AI; money:/certifications,PCI PFL-AI syllabus,none,1400-2000,Review the credential,Article+BreadcrumbList,full,"Brief: a worked pfl-ai scenario question, step by step",[LIVE-SITE VERIFICATION PENDING],Unassigned,,,
A-101,Planned,4,Consideration,Commercial,Finance and commercial professionals,Global,PFL-AI,PFL-AI for infrastructure finance professionals,infrastructure finance certification,"infrastructure, finance, how, does, pfl-ai","infrastructure, finance, certification",How does PFL-AI map to infrastructure finance?,career,Spoke,A-016,pfl-ai-for-infrastructure-finance-professionals,projectcontrolsinstitute.org,/certifications/pfl-ai,pillar:A-016; cluster:PCI PFL-AI; money:/certifications,PCI PFL-AI syllabus,none,1400-2000,Map your pathway,Article,social-core,Brief: pfl-ai for infrastructure finance professionals,[LIVE-SITE VERIFICATION PENDING],Unassigned,,,
A-102,Planned,4,Consideration,Commercial,Finance and commercial professionals,Global,PFL-AI,PFL-AI for renewable-energy projects,renewable energy project finance,"renewable, energy, how, does, pfl-ai","renewable, energy, project, finance, renewables",How does PFL-AI map to renewables?,career,Spoke,A-016,pfl-ai-for-renewable-energy-projects,projectcontrolsinstitute.org,/certifications/pfl-ai,pillar:A-016; cluster:PCI PFL-AI; money:/certifications,PCI PFL-AI syllabus,none,1400-2000,Map your pathway,Article,social-core,Brief: pfl-ai for renewable-energy projects,[LIVE-SITE VERIFICATION PENDING],Unassigned,,,
A-103,Planned,4,Consideration,Commercial,Finance and commercial professionals,Global,PFL-AI,PFL-AI for PMO and commercial leads,commercial manager certification,"commercial, manager, why, would, a","commercial, manager, certification, lead, take, finance, credential",Why would a commercial lead take a finance credential?,career,Spoke,A-016,pfl-ai-for-pmo-and-commercial-leads,projectcontrolsinstitute.org,/certifications/pfl-ai,pillar:A-016; cluster:PCI PFL-AI; money:/certifications,PCI PFL-AI syllabus,none,1400-2000,Map your pathway,Article,social-core,Brief: pfl-ai for pmo and commercial leads,[LIVE-SITE VERIFICATION PENDING],Unassigned,,,
A-104,Planned,4,Decision,Informational,Finance and commercial professionals,Global,PFL-AI,Building a PFL-AI study plan,pfl-ai study plan,"pfl-ai, study, how, should, i","study, plan, sequence, preparation",How should I sequence PFL-AI preparation?,applied,Spoke,A-016,building-a-pfl-ai-study-plan,projectcontrolsinstitute.org,/certifications/pfl-ai,pillar:A-016; cluster:PCI PFL-AI; money:/certifications,PCI PFL-AI syllabus,none,1400-2000,Practise it in the labs,Article,social-core,Brief: building a pfl-ai study plan,[LIVE-SITE VERIFICATION PENDING],Unassigned,,,
A-105,Planned,4,Decision,Informational,Finance and commercial professionals,Global,PFL-AI,Where PFL-AI candidates go wrong,pfl-ai exam mistakes,"pfl-ai, exam, what, trips","exam, mistakes, trips, candidates",What trips PFL-AI candidates up?,faq,Spoke,A-016,where-pfl-ai-candidates-go-wrong,projectcontrolsinstitute.org,/certifications/pfl-ai,pillar:A-016; cluster:PCI PFL-AI; money:/certifications,PCI PFL-AI syllabus,none,1100-1500,Review the credential,Article+FAQPage,social-core,Brief: where pfl-ai candidates go wrong,[LIVE-SITE VERIFICATION PENDING],Unassigned,,,
A-106,Planned,4,Consideration,Informational,Finance and commercial professionals,Global,PFL-AI,Project cash flow: the skill PFL-AI keeps testing,project cash flow forecasting,"project, cash, why, is","project, cash, flow, forecasting, central, finance",Why is cash flow central to project finance?,applied,Spoke,A-016,project-cash-flow-the-skill-pfl-ai-keeps-testing,projectcontrolsinstitute.org,/certifications/pfl-ai,pillar:A-016; cluster:PCI PFL-AI; money:/certifications,PCI PFL-AI syllabus,none,1400-2000,Practise it in the labs,Article,social-core,Brief: project cash flow: the skill pfl-ai keeps testing,[LIVE-SITE VERIFICATION PENDING],Unassigned,,,
A-107,Planned,4,Consideration,Informational,Finance and commercial professionals,Global,PFL-AI,"NPV, IRR and payback for project decisions",npv irr project appraisal,"npv, irr, how, do, appraisal","project, appraisal, metrics, drive, real, decisions",How do appraisal metrics drive real decisions?,applied,Spoke,A-016,npv-irr-and-payback-for-project-decisions,projectcontrolsinstitute.org,/certifications/pfl-ai,pillar:A-016; cluster:PCI PFL-AI; money:/certifications,PCI PFL-AI syllabus,none,1400-2000,Practise it in the labs,Article,social-core,"Brief: npv, irr and payback for project decisions",[LIVE-SITE VERIFICATION PENDING],Unassigned,,,
A-108,Planned,5,Consideration,Informational,Project and programme leaders,Global,PML-AI,Is PML-AI the right credential for you?,pml-ai candidate profile,"pml-ai, candidate, does, my, role","candidate, profile, role, experience",Does my role and experience fit PML-AI?,standard,Spoke,A-020,is-pml-ai-the-right-credential-for-you,projectcontrolsinstitute.org,/certifications/pml-ai,pillar:A-020; cluster:PCI PML-AI; money:/certifications,PCI PML-AI syllabus,none,1400-2000,Review the credential,Article,social-core,Brief: is pml-ai the right credential for you?,[LIVE-SITE VERIFICATION PENDING],Unassigned,,,
A-109,Planned,5,Consideration,Informational,Project and programme leaders,Global,PML-AI,Governance in PML-AI: what is examined,project governance certification,"project, governance, what, competence","project, governance, certification, competence, assess",What governance competence does PML-AI assess?,faq,Spoke,A-020,governance-in-pml-ai-what-is-examined,projectcontrolsinstitute.org,/certifications/pml-ai,pillar:A-020; cluster:PCI PML-AI; money:/certifications,PCI PML-AI syllabus,none,1100-1500,Review the credential,Article+FAQPage,social-core,Brief: governance in pml-ai: what is examined,[LIVE-SITE VERIFICATION PENDING],Unassigned,,,
A-110,Planned,5,Consideration,Informational,Project and programme leaders,Global,PML-AI,Delivery planning in PML-AI: what is examined,pml-ai delivery planning,"pml-ai, delivery, how, does","delivery, planning, test, leadership, level",How does PML-AI test planning at leadership level?,faq,Spoke,A-020,delivery-planning-in-pml-ai-what-is-examined,projectcontrolsinstitute.org,/certifications/pml-ai,pillar:A-020; cluster:PCI PML-AI; money:/certifications,PCI PML-AI syllabus,none,1100-1500,Review the credential,Article+FAQPage,social-core,Brief: delivery planning in pml-ai: what is examined,[LIVE-SITE VERIFICATION PENDING],Unassigned,,,
A-111,Planned,5,Consideration,Informational,Project and programme leaders,Global,PML-AI,Agile and hybrid delivery in PML-AI,agile hybrid project delivery,"agile, hybrid, how, does, pml-ai","agile, hybrid, project, delivery, treat, methods",How does PML-AI treat agile and hybrid methods?,faq,Spoke,A-020,agile-and-hybrid-delivery-in-pml-ai,projectcontrolsinstitute.org,/certifications/pml-ai,pillar:A-020; cluster:PCI PML-AI; money:/certifications,PCI PML-AI syllabus,none,1100-1500,Review the credential,Article+FAQPage,social-core,Brief: agile and hybrid delivery in pml-ai,[LIVE-SITE VERIFICATION PENDING],Unassigned,,,
A-112,Planned,5,Consideration,Informational,Project and programme leaders,Global,PML-AI,Stakeholder leadership in PML-AI,project stakeholder leadership,"project, stakeholder, what, leadership, behaviour","project, stakeholder, leadership, behaviour, assess",What leadership behaviour does PML-AI assess?,faq,Spoke,A-020,stakeholder-leadership-in-pml-ai,projectcontrolsinstitute.org,/certifications/pml-ai,pillar:A-020; cluster:PCI PML-AI; money:/certifications,PCI PML-AI syllabus,none,1100-1500,Review the credential,Article+FAQPage,social-core,Brief: stakeholder leadership in pml-ai,[LIVE-SITE VERIFICATION PENDING],Unassigned,,,
A-113,Planned,5,Consideration,Informational,Project and programme leaders,Global,PML-AI,AI-enabled project management in PML-AI,ai project management,"ai, project, what, does, pml-ai","project, management, expect, leader",What does PML-AI expect a leader to do with AI?,faq,Spoke,A-020,ai-enabled-project-management-in-pml-ai,projectcontrolsinstitute.org,/certifications/pml-ai,pillar:A-020; cluster:PCI PML-AI; money:/certifications,PCI PML-AI syllabus,none,1100-1500,Review the credential,Article+FAQPage,social-core,Brief: ai-enabled project management in pml-ai,[LIVE-SITE VERIFICATION PENDING],Unassigned,,,
A-114,Planned,5,Consideration,Informational,Project and programme leaders,Global,PML-AI,"A worked PML-AI scenario question, step by step",pml-ai sample question,"pml-ai, sample, what, does, a","sample, question, scenario, look, like",What does a PML-AI scenario look like?,asset,Spoke,A-020,a-worked-pml-ai-scenario-question-step-by-step,projectcontrolsinstitute.org,/certifications/pml-ai,pillar:A-020; cluster:PCI PML-AI; money:/certifications,PCI PML-AI syllabus,none,1400-2000,Review the credential,Article+BreadcrumbList,full,"Brief: a worked pml-ai scenario question, step by step",[LIVE-SITE VERIFICATION PENDING],Unassigned,,,
A-115,Planned,5,Consideration,Commercial,Project and programme leaders,Global,PML-AI,PML-AI for PMO leads,pmo lead certification,"pmo, lead, how, does, pml-ai","lead, certification, leadership",How does PML-AI map to PMO leadership?,career,Spoke,A-020,pml-ai-for-pmo-leads,projectcontrolsinstitute.org,/certifications/pml-ai,pillar:A-020; cluster:PCI PML-AI; money:/certifications,PCI PML-AI syllabus,none,1400-2000,Map your pathway,Article,social-core,Brief: pml-ai for pmo leads,[LIVE-SITE VERIFICATION PENDING],Unassigned,,,
A-116,Planned,5,Consideration,Commercial,Project and programme leaders,Global,PML-AI,PML-AI for programme managers,programme manager certification,"programme, manager, how, does, pml-ai","programme, manager, certification, management",How does PML-AI map to programme management?,career,Spoke,A-020,pml-ai-for-programme-managers,projectcontrolsinstitute.org,/certifications/pml-ai,pillar:A-020; cluster:PCI PML-AI; money:/certifications,PCI PML-AI syllabus,none,1400-2000,Map your pathway,Article,social-core,Brief: pml-ai for programme managers,[LIVE-SITE VERIFICATION PENDING],Unassigned,,,
A-117,Planned,5,Decision,Informational,Project and programme leaders,Global,PML-AI,Building a PML-AI study plan,pml-ai study plan,"pml-ai, study, how, should, i","study, plan, sequence, preparation",How should I sequence PML-AI preparation?,applied,Spoke,A-020,building-a-pml-ai-study-plan,projectcontrolsinstitute.org,/certifications/pml-ai,pillar:A-020; cluster:PCI PML-AI; money:/certifications,PCI PML-AI syllabus,none,1400-2000,Practise it in the labs,Article,social-core,Brief: building a pml-ai study plan,[LIVE-SITE VERIFICATION PENDING],Unassigned,,,
A-118,Planned,5,Decision,Informational,Project and programme leaders,Global,PML-AI,Where PML-AI candidates go wrong,pml-ai exam mistakes,"pml-ai, exam, what, trips","exam, mistakes, trips, candidates",What trips PML-AI candidates up?,faq,Spoke,A-020,where-pml-ai-candidates-go-wrong,projectcontrolsinstitute.org,/certifications/pml-ai,pillar:A-020; cluster:PCI PML-AI; money:/certifications,PCI PML-AI syllabus,none,1100-1500,Review the credential,Article+FAQPage,social-core,Brief: where pml-ai candidates go wrong,[LIVE-SITE VERIFICATION PENDING],Unassigned,,,
A-119,Planned,5,Consideration,Informational,Project and programme leaders,Global,PML-AI,Benefits realisation in PML-AI,benefits realisation management,"benefits, realisation, how, is","benefits, realisation, management, thinking, assessed",How is benefits thinking assessed?,standard,Spoke,A-020,benefits-realisation-in-pml-ai,projectcontrolsinstitute.org,/certifications/pml-ai,pillar:A-020; cluster:PCI PML-AI; money:/certifications,PCI PML-AI syllabus,none,1400-2000,Review the credential,Article,social-core,Brief: benefits realisation in pml-ai,[LIVE-SITE VERIFICATION PENDING],Unassigned,,,
A-120,Planned,5,Consideration,Informational,Project and programme leaders,Global,PML-AI,Leading delivery teams under pressure,project team leadership,"project, team, what, leadership, practice","project, team, leadership, practice, credential, reward",What leadership practice does the credential reward?,applied,Spoke,A-020,leading-delivery-teams-under-pressure,projectcontrolsinstitute.org,/certifications/pml-ai,pillar:A-020; cluster:PCI PML-AI; money:/certifications,PCI PML-AI syllabus,none,1400-2000,Practise it in the labs,Article,social-core,Brief: leading delivery teams under pressure,[LIVE-SITE VERIFICATION PENDING],Unassigned,,,
A-121,Planned,5,Consideration,Informational,Project and programme leaders,Global,PML-AI,Delivery assurance and independent review,delivery assurance review,"delivery, assurance, how, does","delivery, assurance, review, leader",How does assurance fit a leader's job?,standard,Spoke,A-020,delivery-assurance-and-independent-review,projectcontrolsinstitute.org,/certifications/pml-ai,pillar:A-020; cluster:PCI PML-AI; money:/certifications,PCI PML-AI syllabus,none,1400-2000,Review the credential,Article,social-core,Brief: delivery assurance and independent review,[LIVE-SITE VERIFICATION PENDING],Unassigned,,,
A-122,Planned,5,Consideration,Commercial,Project and programme leaders,Global,PML-AI,PML-AI for consultants and advisers,consultant project certification,"consultant, project, is, pml-ai, useful","consultant, project, certification, useful, consulting, career",Is PML-AI useful in a consulting career?,career,Spoke,A-020,pml-ai-for-consultants-and-advisers,projectcontrolsinstitute.org,/certifications/pml-ai,pillar:A-020; cluster:PCI PML-AI; money:/certifications,PCI PML-AI syllabus,none,1400-2000,Map your pathway,Article,social-core,Brief: pml-ai for consultants and advisers,[LIVE-SITE VERIFICATION PENDING],Unassigned,,,
A-123,Planned,5,Awareness,Informational,Project and programme leaders,Global,PML-AI,"Why it is ""PCI Project Management Leader – AI""",pml-ai full title,"pml-ai, full, what, is, the","full, title, credential, exact, official",What is the credential's exact official title?,faq,Spoke,A-020,why-it-is-pci-project-management-leader-ai,projectcontrolsinstitute.org,/certifications/pml-ai,pillar:A-020; cluster:PCI PML-AI; money:/certifications,PCI PML-AI syllabus,none,1100-1500,Review the credential,Article+FAQPage,social-core,"Brief: why it is ""pci project management leader – ai""",[LIVE-SITE VERIFICATION PENDING],Unassigned,,,
A-124,Planned,6,Consideration,Informational,Career planners across the three credentials,Global,All certifications,Holding all three: what the full suite signals,pci certification suite,"pci, certification, what, does, holding","certification, suite, holding, three, credentials, demonstrate",What does holding all three credentials demonstrate?,comparison,Spoke,A-024,holding-all-three-what-the-full-suite-signals,projectcontrolsinstitute.org,[DEEP URL PENDING],pillar:A-024; cluster:Three-certification pathway and career mapping; money:/certifications,PCI programme pages,none,1600-2400,Decide with the guide,Article,full,Brief: holding all three: what the full suite signals,[COMPETITOR FACTS PENDING]; [LIVE-SITE VERIFICATION PENDING],Unassigned,,,
A-125,Planned,6,Consideration,Informational,Career planners across the three credentials,Global,All certifications,PCL-AI then PFL-AI: why controls people add finance,project controls to project finance,"project, controls, why, would, a","project, controls, finance, professional",Why would a controls professional add finance?,comparison,Spoke,A-024,pcl-ai-then-pfl-ai-why-controls-people-add-finance,projectcontrolsinstitute.org,[DEEP URL PENDING],pillar:A-024; cluster:Three-certification pathway and career mapping; money:/certifications,PCI programme pages,none,1600-2400,Decide with the guide,Article,full,Brief: pcl-ai then pfl-ai: why controls people add finance,[COMPETITOR FACTS PENDING]; [LIVE-SITE VERIFICATION PENDING],Unassigned,,,
A-126,Planned,6,Consideration,Informational,Career planners across the three credentials,Global,All certifications,PCL-AI then PML-AI: controls to leadership,project controls to leadership,"project, controls, how, does, a","project, controls, leadership, specialist, move",How does a controls specialist move into leadership?,comparison,Spoke,A-024,pcl-ai-then-pml-ai-controls-to-leadership,projectcontrolsinstitute.org,[DEEP URL PENDING],pillar:A-024; cluster:Three-certification pathway and career mapping; money:/certifications,PCI programme pages,none,1600-2400,Decide with the guide,Article,full,Brief: pcl-ai then pml-ai: controls to leadership,[COMPETITOR FACTS PENDING]; [LIVE-SITE VERIFICATION PENDING],Unassigned,,,
A-127,Planned,6,Consideration,Informational,Career planners across the three credentials,Global,All certifications,PFL-AI then PML-AI: finance to delivery leadership,finance to project leadership,"finance, to, how, does, a","finance, project, leadership, professional, lead, delivery",How does a finance professional lead delivery?,comparison,Spoke,A-024,pfl-ai-then-pml-ai-finance-to-delivery-leadership,projectcontrolsinstitute.org,[DEEP URL PENDING],pillar:A-024; cluster:Three-certification pathway and career mapping; money:/certifications,PCI programme pages,none,1600-2400,Decide with the guide,Article,full,Brief: pfl-ai then pml-ai: finance to delivery leadership,[COMPETITOR FACTS PENDING]; [LIVE-SITE VERIFICATION PENDING],Unassigned,,,
A-128,Planned,6,Decision,Commercial,Career planners across the three credentials,Global,All certifications,Certification map: planning engineer,planning engineer certification,"planning, engineer, which, credential, fits","planning, engineer, certification, credential, fits",Which credential fits a planning engineer?,career,Spoke,A-024,certification-map-planning-engineer,projectcontrolsinstitute.org,[DEEP URL PENDING],pillar:A-024; cluster:Three-certification pathway and career mapping; money:/certifications,PCI programme pages,none,1200-1800,Map your pathway,Article,social-core,Brief: certification map: planning engineer,[LIVE-SITE VERIFICATION PENDING],Unassigned,,,
A-129,Planned,6,Decision,Commercial,Career planners across the three credentials,Global,All certifications,Certification map: cost engineer,cost engineer certification,"cost, engineer, which, credential, fits","cost, engineer, certification, credential, fits",Which credential fits a cost engineer?,career,Spoke,A-024,certification-map-cost-engineer,projectcontrolsinstitute.org,[DEEP URL PENDING],pillar:A-024; cluster:Three-certification pathway and career mapping; money:/certifications,PCI programme pages,none,1200-1800,Map your pathway,Article,social-core,Brief: certification map: cost engineer,[PRICE UNVERIFIED]; [LIVE-SITE VERIFICATION PENDING],Unassigned,,,
A-130,Planned,6,Decision,Commercial,Career planners across the three credentials,Global,All certifications,Certification map: PMO analyst,pmo analyst certification,"pmo, analyst, which, credential, fits","analyst, certification, credential, fits",Which credential fits a PMO analyst?,career,Spoke,A-024,certification-map-pmo-analyst,projectcontrolsinstitute.org,[DEEP URL PENDING],pillar:A-024; cluster:Three-certification pathway and career mapping; money:/certifications,PCI programme pages,none,1200-1800,Map your pathway,Article,social-core,Brief: certification map: pmo analyst,[LIVE-SITE VERIFICATION PENDING],Unassigned,,,
A-131,Planned,6,Decision,Commercial,Career planners across the three credentials,Global,All certifications,Certification map: project accountant,project accountant certification,"project, accountant, which, credential, fits","project, accountant, certification, credential, fits",Which credential fits a project accountant?,career,Spoke,A-024,certification-map-project-accountant,projectcontrolsinstitute.org,[DEEP URL PENDING],pillar:A-024; cluster:Three-certification pathway and career mapping; money:/certifications,PCI programme pages,none,1200-1800,Map your pathway,Article,social-core,Brief: certification map: project accountant,[LIVE-SITE VERIFICATION PENDING],Unassigned,,,
A-132,Planned,6,Decision,Commercial,Career planners across the three credentials,Global,All certifications,Certification map: risk manager,project risk manager certification,"project, risk, which, credential, fits","project, risk, manager, certification, credential, fits",Which credential fits a risk manager?,career,Spoke,A-024,certification-map-risk-manager,projectcontrolsinstitute.org,[DEEP URL PENDING],pillar:A-024; cluster:Three-certification pathway and career mapping; money:/certifications,PCI programme pages,none,1200-1800,Map your pathway,Article,social-core,Brief: certification map: risk manager,[LIVE-SITE VERIFICATION PENDING],Unassigned,,,
A-133,Planned,6,Decision,Commercial,Career planners across the three credentials,Global,All certifications,Certification map: project director,project director certification,"project, director, which, credential, fits","project, director, certification, credential, fits",Which credential fits a project director?,career,Spoke,A-024,certification-map-project-director,projectcontrolsinstitute.org,[DEEP URL PENDING],pillar:A-024; cluster:Three-certification pathway and career mapping; money:/certifications,PCI programme pages,none,1200-1800,Map your pathway,Article,social-core,Brief: certification map: project director,[LIVE-SITE VERIFICATION PENDING],Unassigned,,,
A-134,Planned,6,Decision,Informational,Career planners across the three credentials,Global,All certifications,A three-year certification plan that fits a career,certification roadmap,"certification, roadmap, how, do, i","certification, roadmap, sequence, credentials, over, three, years",How do I sequence credentials over three years?,asset,Spoke,A-024,a-three-year-certification-plan-that-fits-a-career,projectcontrolsinstitute.org,[DEEP URL PENDING],pillar:A-024; cluster:Three-certification pathway and career mapping; money:/certifications,PCI programme pages,none,1400-2000,Explore the certifications,Article+BreadcrumbList,full,Brief: a three-year certification plan that fits a career,[LIVE-SITE VERIFICATION PENDING],Unassigned,,,
A-135,Planned,6,Decision,Commercial,Career planners across the three credentials,Global,All certifications,Changing career into project controls: which credential first,career change project controls,"career, change, where, does, a","career, change, project, controls, changer, start",Where does a career changer start?,career,Spoke,A-024,changing-career-into-project-controls-which-credential-first,projectcontrolsinstitute.org,[DEEP URL PENDING],pillar:A-024; cluster:Three-certification pathway and career mapping; money:/certifications,PCI programme pages,none,1200-1800,Map your pathway,Article,social-core,Brief: changing career into project controls: which credential first,[LIVE-SITE VERIFICATION PENDING],Unassigned,,,
A-136,Planned,6,Decision,Commercial,Career planners across the three credentials,Global,All certifications,Already a project manager: which PCI credential adds most,project manager upskilling,"project, manager, what, should, a","project, manager, upskilling","What should a PM add, and why?",comparison,Spoke,A-024,already-a-project-manager-which-pci-credential-adds-most,projectcontrolsinstitute.org,[DEEP URL PENDING],pillar:A-024; cluster:Three-certification pathway and career mapping; money:/certifications,PCI programme pages,none,1600-2400,Decide with the guide,Article,full,Brief: already a project manager: which pci credential adds most,[COMPETITOR FACTS PENDING]; [LIVE-SITE VERIFICATION PENDING],Unassigned,,,
A-137,Planned,6,Decision,Commercial,Career planners across the three credentials,Global,All certifications,Already in finance: which PCI credential adds most,finance professional projects,"finance, professional, what, should, a","finance, professional, projects",What should a finance professional add?,comparison,Spoke,A-024,already-in-finance-which-pci-credential-adds-most,projectcontrolsinstitute.org,[DEEP URL PENDING],pillar:A-024; cluster:Three-certification pathway and career mapping; money:/certifications,PCI programme pages,none,1600-2400,Decide with the guide,Article,full,Brief: already in finance: which pci credential adds most,[COMPETITOR FACTS PENDING]; [LIVE-SITE VERIFICATION PENDING],Unassigned,,,
A-138,Planned,6,Decision,Commercial,Career planners across the three credentials,Global,All certifications,The full suite: total time and total cost,cost of pci certifications,"cost, of, what, does, the","cost, certifications, whole, pathway, time, money",What does the whole pathway cost in time and money?,pricing-route,Spoke,A-024,the-full-suite-total-time-and-total-cost,projectcontrolsinstitute.org,[DEEP URL PENDING],pillar:A-024; cluster:Three-certification pathway and career mapping; money:/certifications,PCI programme pages,none,1200-1800,See current pricing,Article,social-core,Brief: the full suite: total time and total cost,[PRICE UNVERIFIED]; [LIVE-SITE VERIFICATION PENDING],Unassigned,,,
A-139,Planned,6,Decision,Commercial,Career planners across the three credentials,Global,All certifications,Certifying a whole team: an employer's pathway,team certification programme,"team, certification, how, does, an","team, certification, programme, employer, roll",How does an employer roll this out?,career,Spoke,A-024,certifying-a-whole-team-an-employer-s-pathway,projectcontrolsinstitute.org,[DEEP URL PENDING],pillar:A-024; cluster:Three-certification pathway and career mapping; money:/certifications,PCI programme pages,none,1200-1800,Map your pathway,Article,social-core,Brief: certifying a whole team: an employer's pathway,[LIVE-SITE VERIFICATION PENDING],Unassigned,,,
A-140,Planned,7,Consideration,Informational,Candidates preparing for an examination,Global,Certuvo,How Certuvo practice mirrors the examination,exam practice platform,"exam, practice, how, close, is","exam, practice, platform, close, real, thing",How close is practice to the real thing?,applied,Spoke,A-026,how-certuvo-practice-mirrors-the-examination,projectcontrolsinstitute.org,[DEEP URL PENDING],pillar:A-026; cluster:Certuvo training partnership and learner experience; money:/certifications,PCI-Certuvo terms,none,1200-1800,Practise it in the labs,Article,social-core,Brief: how certuvo practice mirrors the examination,[VERIFY CERTUVO ACCESS TERM]; [LIVE-SITE VERIFICATION PENDING],Unassigned,,,
A-141,Planned,7,Consideration,Informational,Candidates preparing for an examination,Global,Certuvo,"Inside Certuvo: question banks, mocks and analytics",certuvo features,"certuvo, features, what, tools, does","certuvo, features, tools, provide",What tools does Certuvo actually provide?,applied,Spoke,A-026,inside-certuvo-question-banks-mocks-and-analytics,projectcontrolsinstitute.org,[DEEP URL PENDING],pillar:A-026; cluster:Certuvo training partnership and learner experience; money:/certifications,PCI-Certuvo terms,none,1200-1800,Practise it in the labs,Article,social-core,"Brief: inside certuvo: question banks, mocks and analytics",[VERIFY CERTUVO ACCESS TERM]; [LIVE-SITE VERIFICATION PENDING],Unassigned,,,
A-142,Planned,7,Consideration,Informational,Candidates preparing for an examination,Global,Certuvo,"The Certuvo AI coach, explained",ai study coach,"ai, study, what, does, the","study, coach",What does the AI coach do — and not do?,applied,Spoke,A-026,the-certuvo-ai-coach-explained,projectcontrolsinstitute.org,[DEEP URL PENDING],pillar:A-026; cluster:Certuvo training partnership and learner experience; money:/certifications,PCI-Certuvo terms,none,1200-1800,Practise it in the labs,Article,social-core,"Brief: the certuvo ai coach, explained",[VERIFY CERTUVO ACCESS TERM]; [LIVE-SITE VERIFICATION PENDING],Unassigned,,,
A-143,Planned,7,Decision,Navigational,Candidates preparing for an examination,Global,Certuvo,Setting up and signing in to Certuvo,certuvo login,"certuvo, login, how, do, i","certuvo, login, access, account",How do I access my Certuvo account?,faq,Spoke,A-026,setting-up-and-signing-in-to-certuvo,projectcontrolsinstitute.org,[DEEP URL PENDING],pillar:A-026; cluster:Certuvo training partnership and learner experience; money:/certifications,PCI-Certuvo terms,none,1100-1500,Explore the certifications,Article+FAQPage,social-core,Brief: setting up and signing in to certuvo,[VERIFY CERTUVO ACCESS TERM]; [LIVE-SITE VERIFICATION PENDING],Unassigned,,,
A-144,Planned,7,Decision,Informational,Candidates preparing for an examination,Global,Certuvo,Certuvo access and your PCI membership,certuvo access membership,"certuvo, access, what, triggers, my","certuvo, access, membership, triggers",What triggers my Certuvo access?,pricing-route,Spoke,A-026,certuvo-access-and-your-pci-membership,projectcontrolsinstitute.org,[DEEP URL PENDING],pillar:A-026; cluster:Certuvo training partnership and learner experience; money:/certifications,PCI-Certuvo terms,none,1200-1800,See current pricing,Article,social-core,Brief: certuvo access and your pci membership,[PRICE UNVERIFIED]; [VERIFY CERTUVO ACCESS TERM]; [LIVE-SITE VERIFICATION PENDING],Unassigned,,,
A-145,Planned,7,Consideration,Informational,Candidates preparing for an examination,Global,Certuvo,Using practice analytics to find weak domains,exam readiness analytics,"exam, readiness, how, do, i","exam, readiness, analytics, turn, practice, data, study, plan",How do I turn practice data into a study plan?,applied,Spoke,A-026,using-practice-analytics-to-find-weak-domains,projectcontrolsinstitute.org,[DEEP URL PENDING],pillar:A-026; cluster:Certuvo training partnership and learner experience; money:/certifications,PCI-Certuvo terms,none,1200-1800,Practise it in the labs,Article,social-core,Brief: using practice analytics to find weak domains,[VERIFY CERTUVO ACCESS TERM]; [LIVE-SITE VERIFICATION PENDING],Unassigned,,,
A-146,Planned,7,Decision,Informational,Candidates preparing for an examination,Global,Certuvo,A mock-examination strategy that works,mock exam strategy,"mock, exam, how, many, mocks,","mock, exam, strategy, mocks","How many mocks, and when?",applied,Spoke,A-026,a-mock-examination-strategy-that-works,projectcontrolsinstitute.org,[DEEP URL PENDING],pillar:A-026; cluster:Certuvo training partnership and learner experience; money:/certifications,PCI-Certuvo terms,none,1200-1800,Practise it in the labs,Article,social-core,Brief: a mock-examination strategy that works,[VERIFY CERTUVO ACCESS TERM]; [LIVE-SITE VERIFICATION PENDING],Unassigned,,,
A-147,Planned,7,Consideration,Comparison,Candidates preparing for an examination,Global,Certuvo,Certuvo compared with generic exam-prep sites,exam prep platform comparison,"exam, prep, how, does, official","exam, prep, platform, comparison, official, preparation, differ, generic",How does official preparation differ from generic sites?,comparison,Spoke,A-026,certuvo-compared-with-generic-exam-prep-sites,projectcontrolsinstitute.org,[DEEP URL PENDING],pillar:A-026; cluster:Certuvo training partnership and learner experience; money:/certifications,PCI-Certuvo terms,none,1600-2400,Decide with the guide,Article,full,Brief: certuvo compared with generic exam-prep sites,[VERIFY CERTUVO ACCESS TERM]; [COMPETITOR FACTS PENDING]; [LIVE-SITE VERIFICATION PENDING],Unassigned,,,
A-148,Planned,7,Decision,Informational,Candidates preparing for an examination,Global,Certuvo,Do you need Certuvo to pass a PCI examination?,do i need certuvo,"do, i, is, official, preparation","certuvo, official, preparation, mandatory",Is official preparation mandatory?,pricing-route,Spoke,A-026,do-you-need-certuvo-to-pass-a-pci-examination,projectcontrolsinstitute.org,[DEEP URL PENDING],pillar:A-026; cluster:Certuvo training partnership and learner experience; money:/certifications,PCI-Certuvo terms,none,1200-1800,See current pricing,Article,social-core,Brief: do you need certuvo to pass a pci examination?,[PRICE UNVERIFIED]; [VERIFY CERTUVO ACCESS TERM]; [LIVE-SITE VERIFICATION PENDING],Unassigned,,,
A-149,Planned,7,Consideration,Informational,Candidates preparing for an examination,Global,Certuvo,Why the trainer is not the certifier,training provider vs certification body,"training, provider, why, does, the","training, provider, certification, body, separation, matter",Why does the separation matter to me?,trust,Spoke,A-026,why-the-trainer-is-not-the-certifier,projectcontrolsinstitute.org,[DEEP URL PENDING],pillar:A-026; cluster:Certuvo training partnership and learner experience; money:/certifications,PCI-Certuvo terms,none,1200-1800,Read the policies,Article,social-core,Brief: why the trainer is not the certifier,[VERIFY CERTUVO ACCESS TERM]; [LIVE-SITE VERIFICATION PENDING],Unassigned,,,
A-150,Planned,7,Retention,Informational,Candidates preparing for an examination,Global,Certuvo,When Certuvo access does not appear,certuvo access problem,"certuvo, access, my, is","certuvo, access, problem, missing",My access is missing — what now?,faq,Spoke,A-026,when-certuvo-access-does-not-appear,projectcontrolsinstitute.org,[DEEP URL PENDING],pillar:A-026; cluster:Certuvo training partnership and learner experience; money:/certifications,PCI-Certuvo terms,none,1100-1500,Explore the certifications,Article+FAQPage,social-core,Brief: when certuvo access does not appear,[VERIFY CERTUVO ACCESS TERM]; [LIVE-SITE VERIFICATION PENDING],Unassigned,,,
A-151,Planned,7,Consideration,Informational,Candidates preparing for an examination,Global,Certuvo,Practice questions versus real examination questions,practice vs real exam questions,"practice, vs, will, i, see","practice, real, exam, questions, will, these",Will I see these questions in the exam?,faq,Spoke,A-026,practice-questions-versus-real-examination-questions,projectcontrolsinstitute.org,[DEEP URL PENDING],pillar:A-026; cluster:Certuvo training partnership and learner experience; money:/certifications,PCI-Certuvo terms,none,1100-1500,Explore the certifications,Article+FAQPage,social-core,Brief: practice questions versus real examination questions,[VERIFY CERTUVO ACCESS TERM]; [LIVE-SITE VERIFICATION PENDING],Unassigned,,,
A-152,Planned,7,Decision,Informational,Candidates preparing for an examination,Global,Certuvo,A four-week study schedule built around practice,four week exam study plan,"four, week, what, does, a","four, week, exam, study, plan, realistic, final, month",What does a realistic final month look like?,asset,Spoke,A-026,a-four-week-study-schedule-built-around-practice,projectcontrolsinstitute.org,[DEEP URL PENDING],pillar:A-026; cluster:Certuvo training partnership and learner experience; money:/certifications,PCI-Certuvo terms,none,1400-2000,Explore the certifications,Article+BreadcrumbList,full,Brief: a four-week study schedule built around practice,[VERIFY CERTUVO ACCESS TERM]; [LIVE-SITE VERIFICATION PENDING],Unassigned,,,
A-153,Planned,8,Consideration,Informational,Hands-on learners and candidates,Global,Simulation Lab,Guided lab: building a work breakdown structure,wbs guided lab,"wbs, guided, how, do, you","guided, build, survives, delivery",How do you build a WBS that survives delivery?,applied,Spoke,A-029,guided-lab-building-a-work-breakdown-structure,projectcontrolsinstitute.org,[DEEP URL PENDING],"pillar:A-029; cluster:Guided labs, simulation labs and portfolio evidence; money:/certifications",PCI lab documentation,none,1200-1800,Practise it in the labs,Article,social-core,Brief: guided lab: building a work breakdown structure,[LIVE-SITE VERIFICATION PENDING],Unassigned,,,
A-154,Planned,8,Consideration,Informational,Hands-on learners and candidates,Global,Simulation Lab,Guided lab: calculating earned value,evm practice exercise,"evm, practice, how, do, you","practice, exercise, compute, data","How do you compute EV, CPI and SPI from raw data?",applied,Spoke,A-029,guided-lab-calculating-earned-value,projectcontrolsinstitute.org,[DEEP URL PENDING],"pillar:A-029; cluster:Guided labs, simulation labs and portfolio evidence; money:/certifications",PCI lab documentation,none,1200-1800,Practise it in the labs,Article,social-core,Brief: guided lab: calculating earned value,[LIVE-SITE VERIFICATION PENDING],Unassigned,,,
A-155,Planned,8,Consideration,Informational,Hands-on learners and candidates,Global,Simulation Lab,Guided lab: developing a schedule,schedule development exercise,"schedule, development, how, do, you","schedule, development, exercise, turn, scope, logic, driven",How do you turn scope into a logic-driven schedule?,applied,Spoke,A-029,guided-lab-developing-a-schedule,projectcontrolsinstitute.org,[DEEP URL PENDING],"pillar:A-029; cluster:Guided labs, simulation labs and portfolio evidence; money:/certifications",PCI lab documentation,none,1200-1800,Practise it in the labs,Article,social-core,Brief: guided lab: developing a schedule,[LIVE-SITE VERIFICATION PENDING],Unassigned,,,
A-156,Planned,8,Consideration,Informational,Hands-on learners and candidates,Global,Simulation Lab,Guided lab: building a cost breakdown structure,cost breakdown structure exercise,"cost, breakdown, how, do, you","cost, breakdown, structure, exercise, match",How do you structure cost to match the WBS?,applied,Spoke,A-029,guided-lab-building-a-cost-breakdown-structure,projectcontrolsinstitute.org,[DEEP URL PENDING],"pillar:A-029; cluster:Guided labs, simulation labs and portfolio evidence; money:/certifications",PCI lab documentation,none,1200-1800,Practise it in the labs,Article,social-core,Brief: guided lab: building a cost breakdown structure,[LIVE-SITE VERIFICATION PENDING],Unassigned,,,
A-157,Planned,8,Consideration,Informational,Hands-on learners and candidates,Global,Simulation Lab,Guided lab: measuring progress honestly,progress measurement exercise,"progress, measurement, how, do, you","progress, measurement, exercise, measure, percent, complete, defensibly",How do you measure percent complete defensibly?,applied,Spoke,A-029,guided-lab-measuring-progress-honestly,projectcontrolsinstitute.org,[DEEP URL PENDING],"pillar:A-029; cluster:Guided labs, simulation labs and portfolio evidence; money:/certifications",PCI lab documentation,none,1200-1800,Practise it in the labs,Article,social-core,Brief: guided lab: measuring progress honestly,[LIVE-SITE VERIFICATION PENDING],Unassigned,,,
A-158,Planned,8,Consideration,Informational,Hands-on learners and candidates,Global,Simulation Lab,Guided lab: Pareto analysis on project data,pareto analysis project,"pareto, analysis, how, do, you","pareto, analysis, project, find, vital, cost, delay, drivers",How do you find the vital few cost or delay drivers?,applied,Spoke,A-029,guided-lab-pareto-analysis-on-project-data,projectcontrolsinstitute.org,[DEEP URL PENDING],"pillar:A-029; cluster:Guided labs, simulation labs and portfolio evidence; money:/certifications",PCI lab documentation,none,1200-1800,Practise it in the labs,Article,social-core,Brief: guided lab: pareto analysis on project data,[LIVE-SITE VERIFICATION PENDING],Unassigned,,,
A-159,Planned,8,Consideration,Informational,Hands-on learners and candidates,Global,Simulation Lab,Guided lab: running change control,change control exercise,"change, control, how, does, a","change, control, exercise, move, through",How does a change move through control?,applied,Spoke,A-029,guided-lab-running-change-control,projectcontrolsinstitute.org,[DEEP URL PENDING],"pillar:A-029; cluster:Guided labs, simulation labs and portfolio evidence; money:/certifications",PCI lab documentation,none,1200-1800,Practise it in the labs,Article,social-core,Brief: guided lab: running change control,[LIVE-SITE VERIFICATION PENDING],Unassigned,,,
A-160,Planned,8,Consideration,Informational,Hands-on learners and candidates,Global,Simulation Lab,Guided lab: forecasting cash flow,cash flow forecast exercise,"cash, flow, how, do, you","cash, flow, forecast, exercise, build, defensible",How do you build a defensible cash-flow forecast?,applied,Spoke,A-029,guided-lab-forecasting-cash-flow,projectcontrolsinstitute.org,[DEEP URL PENDING],"pillar:A-029; cluster:Guided labs, simulation labs and portfolio evidence; money:/certifications",PCI lab documentation,none,1200-1800,Practise it in the labs,Article,social-core,Brief: guided lab: forecasting cash flow,[LIVE-SITE VERIFICATION PENDING],Unassigned,,,
A-161,Planned,8,Consideration,Informational,Hands-on learners and candidates,Global,Simulation Lab,Skill drills versus guided labs: what each is for,skill drill vs lab,"skill, drill, when, should, i","skill, drill, full",When should I drill and when should I do a full lab?,comparison,Spoke,A-029,skill-drills-versus-guided-labs-what-each-is-for,projectcontrolsinstitute.org,[DEEP URL PENDING],"pillar:A-029; cluster:Guided labs, simulation labs and portfolio evidence; money:/certifications",PCI lab documentation,none,1600-2400,Decide with the guide,Article,full,Brief: skill drills versus guided labs: what each is for,[COMPETITOR FACTS PENDING]; [LIVE-SITE VERIFICATION PENDING],Unassigned,,,
A-162,Planned,8,Consideration,Informational,Hands-on learners and candidates,Global,Simulation Lab,How deterministic grading works in the Simulation Lab,automated exercise grading,"automated, exercise, how, is, my","automated, exercise, grading, work, marked, consistent","How is my lab work marked, and is it consistent?",applied,Spoke,A-029,how-deterministic-grading-works-in-the-simulation-lab,projectcontrolsinstitute.org,[DEEP URL PENDING],"pillar:A-029; cluster:Guided labs, simulation labs and portfolio evidence; money:/certifications",PCI lab documentation,none,1200-1800,Practise it in the labs,Article,social-core,Brief: how deterministic grading works in the simulation lab,[LIVE-SITE VERIFICATION PENDING],Unassigned,,,
A-163,Planned,8,Consideration,Informational,Hands-on learners and candidates,Global,Simulation Lab,What the lab coach will and will not do for you,ai tutor limits,"ai, tutor, will, the, coach","tutor, limits, will, coach, give, answer",Will the coach give me the answer?,faq,Spoke,A-029,what-the-lab-coach-will-and-will-not-do-for-you,projectcontrolsinstitute.org,[DEEP URL PENDING],"pillar:A-029; cluster:Guided labs, simulation labs and portfolio evidence; money:/certifications",PCI lab documentation,none,1100-1500,Explore the certifications,Article+FAQPage,social-core,Brief: what the lab coach will and will not do for you,[LIVE-SITE VERIFICATION PENDING],Unassigned,,,
A-164,Planned,8,Consideration,Informational,Hands-on learners and candidates,Global,Simulation Lab,The capstone: a full project under constraint,project simulation capstone,"project, simulation, what, does, the","project, simulation, capstone, demand",What does the capstone demand?,applied,Spoke,A-029,the-capstone-a-full-project-under-constraint,projectcontrolsinstitute.org,[DEEP URL PENDING],"pillar:A-029; cluster:Guided labs, simulation labs and portfolio evidence; money:/certifications",PCI lab documentation,none,1200-1800,Practise it in the labs,Article,social-core,Brief: the capstone: a full project under constraint,[LIVE-SITE VERIFICATION PENDING],Unassigned,,,
A-165,Planned,8,Consideration,Informational,Hands-on learners and candidates,Global,Simulation Lab,Team scenarios: controls under disagreement,team project simulation,"team, project, how, do","team, project, simulation, scenarios, differ, solo, labs",How do team scenarios differ from solo labs?,applied,Spoke,A-029,team-scenarios-controls-under-disagreement,projectcontrolsinstitute.org,[DEEP URL PENDING],"pillar:A-029; cluster:Guided labs, simulation labs and portfolio evidence; money:/certifications",PCI lab documentation,none,1200-1800,Practise it in the labs,Article,social-core,Brief: team scenarios: controls under disagreement,[LIVE-SITE VERIFICATION PENDING],Unassigned,,,
A-166,Planned,8,Consideration,Informational,Hands-on learners and candidates,Global,Simulation Lab,Difficulty bands: foundation to expert,lab difficulty levels,"lab, difficulty, which, level, should","difficulty, levels, level, start",Which level should I start at?,faq,Spoke,A-029,difficulty-bands-foundation-to-expert,projectcontrolsinstitute.org,[DEEP URL PENDING],"pillar:A-029; cluster:Guided labs, simulation labs and portfolio evidence; money:/certifications",PCI lab documentation,none,1100-1500,Explore the certifications,Article+FAQPage,social-core,Brief: difficulty bands: foundation to expert,[LIVE-SITE VERIFICATION PENDING],Unassigned,,,
A-167,Planned,8,Decision,Informational,Hands-on learners and candidates,Global,Simulation Lab,Talking about lab work in an interview,project controls interview evidence,"project, controls, how, do, i","project, controls, interview, evidence, describe, simulated, work, credibly",How do I describe simulated work credibly?,career,Spoke,A-029,talking-about-lab-work-in-an-interview,projectcontrolsinstitute.org,[DEEP URL PENDING],"pillar:A-029; cluster:Guided labs, simulation labs and portfolio evidence; money:/certifications",PCI lab documentation,none,1200-1800,Map your pathway,Article,social-core,Brief: talking about lab work in an interview,[LIVE-SITE VERIFICATION PENDING],Unassigned,,,
A-168,Planned,8,Decision,Informational,Hands-on learners and candidates,Global,Simulation Lab,Who can access the Simulation Lab,simulation lab access,"simulation, lab, what, do, i","simulation, access, labs",What do I need to use the labs?,pricing-route,Spoke,A-029,who-can-access-the-simulation-lab,projectcontrolsinstitute.org,[DEEP URL PENDING],"pillar:A-029; cluster:Guided labs, simulation labs and portfolio evidence; money:/certifications",PCI lab documentation,none,1200-1800,See current pricing,Article,social-core,Brief: who can access the simulation lab,[PRICE UNVERIFIED]; [LIVE-SITE VERIFICATION PENDING],Unassigned,,,
A-169,Planned,8,Retention,Informational,Hands-on learners and candidates,Global,Simulation Lab,From lab scenario to Monday morning,applying simulation to real projects,"applying, simulation, how, does, lab","applying, simulation, real, projects, practice, transfer, live, project",How does lab practice transfer to a live project?,applied,Spoke,A-029,from-lab-scenario-to-monday-morning,projectcontrolsinstitute.org,[DEEP URL PENDING],"pillar:A-029; cluster:Guided labs, simulation labs and portfolio evidence; money:/certifications",PCI lab documentation,none,1200-1800,Practise it in the labs,Article,social-core,Brief: from lab scenario to monday morning,[LIVE-SITE VERIFICATION PENDING],Unassigned,,,
A-170,Planned,9,Decision,Navigational,Practitioners and employers,Global,PCI World,Creating your PCI World account,pci world sign up,"pci, world, how, do, i","world, sign, join",How do I join PCI World?,faq,Spoke,A-032,creating-your-pci-world-account,pciworld.org,[DEEP URL PENDING],"pillar:A-032; cluster:PCI World, Passport, rooms, forum and careers; money:/certifications; world:pciworld.org",PCI World pages,none,1100-1500,Explore the certifications,Article+FAQPage,social-core,Brief: creating your pci world account,[LIVE-SITE VERIFICATION PENDING],Unassigned,,,
A-171,Planned,9,Decision,Informational,Practitioners and employers,Global,PCI World,Publishing your PCI World Passport,publish passport,"publish, passport, how, do, i","publish, passport, turn, record, shareable, page",How do I turn my record into a shareable page?,applied,Spoke,A-032,publishing-your-pci-world-passport,pciworld.org,[DEEP URL PENDING],"pillar:A-032; cluster:PCI World, Passport, rooms, forum and careers; money:/certifications; world:pciworld.org",PCI World pages,none,1200-1800,Practise it in the labs,Article,social-core,Brief: publishing your pci world passport,[LIVE-SITE VERIFICATION PENDING],Unassigned,,,
A-172,Planned,9,Decision,Informational,Practitioners and employers,Global,PCI World,Passport privacy: what you choose to show,passport privacy settings,"passport, privacy, what, exactly, becomes","passport, privacy, settings, exactly, becomes, visible, publish",What exactly becomes visible when I publish?,trust,Spoke,A-032,passport-privacy-what-you-choose-to-show,pciworld.org,[DEEP URL PENDING],"pillar:A-032; cluster:PCI World, Passport, rooms, forum and careers; money:/certifications; world:pciworld.org",PCI World pages,none,1200-1800,Read the policies,Article,social-core,Brief: passport privacy: what you choose to show,[LIVE-SITE VERIFICATION PENDING],Unassigned,,,
A-173,Planned,9,Retention,Informational,Practitioners and employers,Global,PCI World,"Rotating, expiring and withdrawing a Passport link",withdraw passport link,"withdraw, passport, how, do, i","withdraw, passport, link, take, shared, back",How do I take a shared link back?,trust,Spoke,A-032,rotating-expiring-and-withdrawing-a-passport-link,pciworld.org,[DEEP URL PENDING],"pillar:A-032; cluster:PCI World, Passport, rooms, forum and careers; money:/certifications; world:pciworld.org",PCI World pages,none,1200-1800,Read the policies,Article,social-core,"Brief: rotating, expiring and withdrawing a passport link",[LIVE-SITE VERIFICATION PENDING],Unassigned,,,
A-174,Planned,9,Decision,Informational,Practitioners and employers,Global,PCI World,The one-page Passport PDF,passport pdf,"passport, pdf, what, is, in","passport, printable",What is in the printable Passport?,applied,Spoke,A-032,the-one-page-passport-pdf,pciworld.org,[DEEP URL PENDING],"pillar:A-032; cluster:PCI World, Passport, rooms, forum and careers; money:/certifications; world:pciworld.org",PCI World pages,none,1200-1800,Practise it in the labs,Article,social-core,Brief: the one-page passport pdf,[LIVE-SITE VERIFICATION PENDING],Unassigned,,,
A-175,Planned,9,Decision,Informational,Practitioners and employers,Global,PCI World,Verifying a Passport: a guide for employers,verify pci world passport,"verify, pci, how, does, a","verify, world, passport, recruiter, confirm, real",How does a recruiter confirm a Passport is real?,trust,Spoke,A-032,verifying-a-passport-a-guide-for-employers,pciworld.org,[DEEP URL PENDING],"pillar:A-032; cluster:PCI World, Passport, rooms, forum and careers; money:/certifications; world:pciworld.org",PCI World pages,none,1200-1800,Read the policies,Article,social-core,Brief: verifying a passport: a guide for employers,[LIVE-SITE VERIFICATION PENDING],Unassigned,,,
A-176,Planned,9,Consideration,Informational,Practitioners and employers,Global,PCI World,What a Passport is not,passport limitations,"passport, limitations, is, a","passport, limitations, certification",Is a Passport a certification?,trust,Spoke,A-032,what-a-passport-is-not,pciworld.org,[DEEP URL PENDING],"pillar:A-032; cluster:PCI World, Passport, rooms, forum and careers; money:/certifications; world:pciworld.org",PCI World pages,none,1200-1800,Read the policies,Article,social-core,Brief: what a passport is not,[LIVE-SITE VERIFICATION PENDING],Unassigned,,,
A-177,Planned,9,Awareness,Informational,Practitioners and employers,Global,PCI World,Community rooms: what happens inside,project controls community,"project, controls, what, are, the","project, controls, community, rooms",What are the rooms for?,standard,Spoke,A-032,community-rooms-what-happens-inside,pciworld.org,[DEEP URL PENDING],"pillar:A-032; cluster:PCI World, Passport, rooms, forum and careers; money:/certifications; world:pciworld.org",PCI World pages,none,1200-1800,Explore the certifications,Article,social-core,Brief: community rooms: what happens inside,[LIVE-SITE VERIFICATION PENDING],Unassigned,,,
A-178,Planned,9,Consideration,Informational,Practitioners and employers,Global,PCI World,Forum norms and moderation at PCI World,community moderation policy,"community, moderation, how, is, discussion","community, moderation, policy, discussion, kept, useful, safe",How is discussion kept useful and safe?,trust,Spoke,A-032,forum-norms-and-moderation-at-pci-world,pciworld.org,[DEEP URL PENDING],"pillar:A-032; cluster:PCI World, Passport, rooms, forum and careers; money:/certifications; world:pciworld.org",PCI World pages,none,1200-1800,Read the policies,Article,social-core,Brief: forum norms and moderation at pci world,[LIVE-SITE VERIFICATION PENDING],Unassigned,,,
A-179,Planned,9,Decision,Commercial,Practitioners and employers,Global,PCI World,The careers surface for candidates,project controls jobs,"project, controls, how, do, i","project, controls, jobs, find, roles, through, world",How do I find roles through PCI World?,career,Spoke,A-032,the-careers-surface-for-candidates,pciworld.org,[DEEP URL PENDING],"pillar:A-032; cluster:PCI World, Passport, rooms, forum and careers; money:/certifications; world:pciworld.org",PCI World pages,none,1200-1800,Map your pathway,Article,social-core,Brief: the careers surface for candidates,[LIVE-SITE VERIFICATION PENDING],Unassigned,,,
A-180,Planned,9,Decision,Commercial,Practitioners and employers,Global,PCI World,The careers surface for employers,post project controls job,"post, project, how, does, an","post, project, controls, employer, publish, manage, roles",How does an employer publish and manage roles?,career,Spoke,A-032,the-careers-surface-for-employers,pciworld.org,[DEEP URL PENDING],"pillar:A-032; cluster:PCI World, Passport, rooms, forum and careers; money:/certifications; world:pciworld.org",PCI World pages,none,1200-1800,Map your pathway,Article,social-core,Brief: the careers surface for employers,[LIVE-SITE VERIFICATION PENDING],Unassigned,,,
A-181,Planned,9,Consideration,Informational,Practitioners and employers,Global,PCI World,Challenges: how practice becomes evidence,project challenges practice,"project, challenges, what, is, a","project, challenges, practice, challenge, completing, give",What is a challenge and what does completing one give me?,applied,Spoke,A-032,challenges-how-practice-becomes-evidence,pciworld.org,[DEEP URL PENDING],"pillar:A-032; cluster:PCI World, Passport, rooms, forum and careers; money:/certifications; world:pciworld.org",PCI World pages,none,1200-1800,Practise it in the labs,Article,social-core,Brief: challenges: how practice becomes evidence,[LIVE-SITE VERIFICATION PENDING],Unassigned,,,
A-182,Planned,9,Consideration,Informational,Practitioners and employers,Global,PCI World,Anonymous practice that joins your record later,anonymous practice account,"anonymous, practice, do, i, lose","anonymous, practice, account, lose, work, before, signing",Do I lose work I did before signing up?,faq,Spoke,A-032,anonymous-practice-that-joins-your-record-later,pciworld.org,[DEEP URL PENDING],"pillar:A-032; cluster:PCI World, Passport, rooms, forum and careers; money:/certifications; world:pciworld.org",PCI World pages,none,1100-1500,Explore the certifications,Article+FAQPage,social-core,Brief: anonymous practice that joins your record later,[LIVE-SITE VERIFICATION PENDING],Unassigned,,,
A-183,Planned,9,Awareness,Informational,Practitioners and employers,Global,PCI World,PCI World and the Institute: where the line sits,pci world vs institute,"pci, world, which, one, certifies,","world, institute, certifies, practises","Which one certifies, and which one practises?",trust,Spoke,A-032,pci-world-and-the-institute-where-the-line-sits,pciworld.org,[DEEP URL PENDING],"pillar:A-032; cluster:PCI World, Passport, rooms, forum and careers; money:/certifications; world:pciworld.org",PCI World pages,none,1200-1800,Read the policies,Article,social-core,Brief: pci world and the institute: where the line sits,[LIVE-SITE VERIFICATION PENDING],Unassigned,,,
A-184,Planned,9,Consideration,Informational,Practitioners and employers,Global,PCI World,"Your PCI Student Number, explained",pci student number,"pci, student, what, is, the","student, number, used",What is the number used for?,faq,Spoke,A-032,your-pci-student-number-explained,pciworld.org,[DEEP URL PENDING],"pillar:A-032; cluster:PCI World, Passport, rooms, forum and careers; money:/certifications; world:pciworld.org",PCI World pages,none,1100-1500,Explore the certifications,Article+FAQPage,social-core,"Brief: your pci student number, explained",[LIVE-SITE VERIFICATION PENDING],Unassigned,,,
A-185,Planned,9,Awareness,Commercial,Practitioners and employers,Global,PCI World,PCI World for students and recent graduates,student project controls experience,"student, project, how, do, i","student, project, controls, experience, build, evidence, history",How do I build evidence with no project history?,career,Spoke,A-032,pci-world-for-students-and-recent-graduates,pciworld.org,[DEEP URL PENDING],"pillar:A-032; cluster:PCI World, Passport, rooms, forum and careers; money:/certifications; world:pciworld.org",PCI World pages,none,1200-1800,Map your pathway,Article,social-core,Brief: pci world for students and recent graduates,[LIVE-SITE VERIFICATION PENDING],Unassigned,,,
A-186,Planned,9,Retention,Informational,Practitioners and employers,Global,PCI World,Contributing to PCI World without self-promotion,community contribution guidelines,"community, contribution, how, do, i","community, contribution, guidelines, value, without, spamming",How do I add value without spamming?,trust,Spoke,A-032,contributing-to-pci-world-without-self-promotion,pciworld.org,[DEEP URL PENDING],"pillar:A-032; cluster:PCI World, Passport, rooms, forum and careers; money:/certifications; world:pciworld.org",PCI World pages,none,1200-1800,Read the policies,Article,social-core,Brief: contributing to pci world without self-promotion,[LIVE-SITE VERIFICATION PENDING],Unassigned,,,
A-187,Planned,10,Decision,Navigational,Applicants and certificants,Global,MyPCI,Signing in to MyPCI,mypci login,"mypci, login, how, do, i","mypci, login, access, candidate, portal",How do I access the candidate portal?,faq,Spoke,A-035,signing-in-to-mypci,mypci.org,[DEEP URL PENDING],"pillar:A-035; cluster:MyPCI, applications, exam journey and verification; money:/certifications",PCI portal guidance,none,1100-1500,Explore the certifications,Article+FAQPage,social-core,Brief: signing in to mypci,[LIVE-SITE VERIFICATION PENDING],Unassigned,,,
A-188,Planned,10,Decision,Navigational,Applicants and certificants,Global,MyPCI,"Your MyPCI dashboard, explained",mypci dashboard,"mypci, dashboard, what, does, each","mypci, dashboard, each, panel, show",What does each panel show?,faq,Spoke,A-035,your-mypci-dashboard-explained,mypci.org,[DEEP URL PENDING],"pillar:A-035; cluster:MyPCI, applications, exam journey and verification; money:/certifications",PCI portal guidance,none,1100-1500,Explore the certifications,Article+FAQPage,social-core,"Brief: your mypci dashboard, explained",[LIVE-SITE VERIFICATION PENDING],Unassigned,,,
A-189,Planned,10,Decision,Navigational,Applicants and certificants,Global,MyPCI,Applications inside MyPCI,pci application status,"pci, application, how, do, i","application, status, track",How do I track my application?,faq,Spoke,A-035,applications-inside-mypci,mypci.org,[DEEP URL PENDING],"pillar:A-035; cluster:MyPCI, applications, exam journey and verification; money:/certifications",PCI portal guidance,none,1100-1500,Explore the certifications,Article+FAQPage,social-core,Brief: applications inside mypci,[LIVE-SITE VERIFICATION PENDING],Unassigned,,,
A-190,Planned,10,Decision,Navigational,Applicants and certificants,Global,MyPCI,Payments and receipts in MyPCI,pci payment receipt,"pci, payment, where, do, i","payment, receipt, find, proof",Where do I find proof of payment?,pricing-route,Spoke,A-035,payments-and-receipts-in-mypci,mypci.org,[DEEP URL PENDING],"pillar:A-035; cluster:MyPCI, applications, exam journey and verification; money:/certifications",PCI portal guidance,none,1200-1800,See current pricing,Article,social-core,Brief: payments and receipts in mypci,[PRICE UNVERIFIED]; [LIVE-SITE VERIFICATION PENDING],Unassigned,,,
A-191,Planned,10,Decision,Navigational,Applicants and certificants,Global,MyPCI,Booking an examination in MyPCI,book pci exam,"book, pci, how, do, i","book, exam, secure, slot",How do I secure an exam slot?,faq,Spoke,A-035,booking-an-examination-in-mypci,mypci.org,[DEEP URL PENDING],"pillar:A-035; cluster:MyPCI, applications, exam journey and verification; money:/certifications",PCI portal guidance,none,1100-1500,Explore the certifications,Article+FAQPage,social-core,Brief: booking an examination in mypci,[LIVE-SITE VERIFICATION PENDING],Unassigned,,,
A-192,Planned,10,Retention,Informational,Applicants and certificants,Global,MyPCI,Results in MyPCI: what you see and when,pci exam results,"pci, exam, how, and, when","exam, results, shown",How and when are results shown?,faq,Spoke,A-035,results-in-mypci-what-you-see-and-when,mypci.org,[DEEP URL PENDING],"pillar:A-035; cluster:MyPCI, applications, exam journey and verification; money:/certifications",PCI portal guidance,none,1100-1500,Explore the certifications,Article+FAQPage,social-core,Brief: results in mypci: what you see and when,[LIVE-SITE VERIFICATION PENDING],Unassigned,,,
A-193,Planned,10,Retention,Navigational,Applicants and certificants,Global,MyPCI,Downloading and sharing your credential,download pci certificate,"download, pci, how, do, i","download, certificate, share, proof, certification",How do I share proof of certification?,faq,Spoke,A-035,downloading-and-sharing-your-credential,mypci.org,[DEEP URL PENDING],"pillar:A-035; cluster:MyPCI, applications, exam journey and verification; money:/certifications",PCI portal guidance,none,1100-1500,Explore the certifications,Article+FAQPage,social-core,Brief: downloading and sharing your credential,[LIVE-SITE VERIFICATION PENDING],Unassigned,,,
A-194,Planned,10,Retention,Navigational,Applicants and certificants,Global,MyPCI,The Passport module inside MyPCI,passport in mypci,"passport, in, how, does, the","passport, mypci, portal, show, world, record",How does the portal show my World record?,faq,Spoke,A-035,the-passport-module-inside-mypci,mypci.org,[DEEP URL PENDING],"pillar:A-035; cluster:MyPCI, applications, exam journey and verification; money:/certifications",PCI portal guidance,none,1100-1500,Explore the certifications,Article+FAQPage,social-core,Brief: the passport module inside mypci,[LIVE-SITE VERIFICATION PENDING],Unassigned,,,
A-195,Planned,10,Retention,Navigational,Applicants and certificants,Global,MyPCI,Event passes and how they work,pci event pass,"pci, event, what, is, an","event, pass",What is an event pass for?,faq,Spoke,A-035,event-passes-and-how-they-work,mypci.org,[DEEP URL PENDING],"pillar:A-035; cluster:MyPCI, applications, exam journey and verification; money:/certifications",PCI portal guidance,none,1100-1500,Explore the certifications,Article+FAQPage,social-core,Brief: event passes and how they work,[LIVE-SITE VERIFICATION PENDING],Unassigned,,,
A-196,Planned,10,Retention,Navigational,Applicants and certificants,Global,MyPCI,Logging CPD in MyPCI,log cpd hours,"log, cpd, how, do, i","hours, record, continuing, development",How do I record continuing development?,faq,Spoke,A-035,logging-cpd-in-mypci,mypci.org,[DEEP URL PENDING],"pillar:A-035; cluster:MyPCI, applications, exam journey and verification; money:/certifications",PCI portal guidance,none,1100-1500,Explore the certifications,Article+FAQPage,social-core,Brief: logging cpd in mypci,[LIVE-SITE VERIFICATION PENDING],Unassigned,,,
A-197,Planned,10,Retention,Navigational,Applicants and certificants,Global,MyPCI,Renewing your credential in MyPCI,renew pci certification,"renew, pci, what, does, the","renew, certification, renewal, flow, involve",What does the renewal flow involve?,pricing-route,Spoke,A-035,renewing-your-credential-in-mypci,mypci.org,[DEEP URL PENDING],"pillar:A-035; cluster:MyPCI, applications, exam journey and verification; money:/certifications",PCI portal guidance,none,1200-1800,See current pricing,Article,social-core,Brief: renewing your credential in mypci,[PRICE UNVERIFIED]; [LIVE-SITE VERIFICATION PENDING],Unassigned,,,
A-198,Planned,10,Retention,Navigational,Applicants and certificants,Global,MyPCI,Keeping your record accurate,update certification details,"update, certification, how, do, i","update, certification, details, change, name, email",How do I change my name or email?,faq,Spoke,A-035,keeping-your-record-accurate,mypci.org,[DEEP URL PENDING],"pillar:A-035; cluster:MyPCI, applications, exam journey and verification; money:/certifications",PCI portal guidance,none,1100-1500,Explore the certifications,Article+FAQPage,social-core,Brief: keeping your record accurate,[LIVE-SITE VERIFICATION PENDING],Unassigned,,,
A-199,Planned,10,Retention,Navigational,Applicants and certificants,Global,MyPCI,Getting help: the support route that works,pci support contact,"pci, support, who, do, i","support, contact","Who do I contact, and about what?",faq,Spoke,A-035,getting-help-the-support-route-that-works,mypci.org,[DEEP URL PENDING],"pillar:A-035; cluster:MyPCI, applications, exam journey and verification; money:/certifications",PCI portal guidance,none,1100-1500,Explore the certifications,Article+FAQPage,social-core,Brief: getting help: the support route that works,[LIVE-SITE VERIFICATION PENDING],Unassigned,,,
A-200,Planned,10,Retention,Navigational,Applicants and certificants,Global,MyPCI,Moving between PCI World and MyPCI,portal handoff,"portal, handoff, how, do, the","portal, handoff, portals, connect",How do the two portals connect?,faq,Spoke,A-035,moving-between-pci-world-and-mypci,mypci.org,[DEEP URL PENDING],"pillar:A-035; cluster:MyPCI, applications, exam journey and verification; money:/certifications",PCI portal guidance,none,1100-1500,Explore the certifications,Article+FAQPage,social-core,Brief: moving between pci world and mypci,[LIVE-SITE VERIFICATION PENDING],Unassigned,,,
A-201,Planned,10,Retention,Informational,Applicants and certificants,Global,MyPCI,When you cannot sign in,cannot log in certification portal,"cannot, log, what, do, i","cannot, certification, portal, access, problems",What do I do about access problems?,faq,Spoke,A-035,when-you-cannot-sign-in,mypci.org,[DEEP URL PENDING],"pillar:A-035; cluster:MyPCI, applications, exam journey and verification; money:/certifications",PCI portal guidance,none,1100-1500,Explore the certifications,Article+FAQPage,social-core,Brief: when you cannot sign in,[LIVE-SITE VERIFICATION PENDING],Unassigned,,,
A-202,Planned,11,Awareness,Informational,Newcomers and practitioners,Global,Foundations,Where project controls sits in an organisation,project controls function,"project, controls, who, does","project, controls, function, report","Who does project controls report to, and why?",standard,Spoke,A-038,where-project-controls-sits-in-an-organisation,projectcontrolsinstitute.org,[DEEP URL PENDING],pillar:A-038; cluster:Project-controls foundations; money:/certifications,Authoritative practice sources,none,1200-1800,Explore the certifications,Article,social-core,Brief: where project controls sits in an organisation,none,Unassigned,,,
A-203,Planned,11,Awareness,Informational,Newcomers and practitioners,Global,Foundations,Scope: the discipline everything else depends on,project scope management,"project, scope, how, does","project, scope, management, discipline, protect, cost, time",How does scope discipline protect cost and time?,standard,Spoke,A-038,scope-the-discipline-everything-else-depends-on,projectcontrolsinstitute.org,[DEEP URL PENDING],pillar:A-038; cluster:Project-controls foundations; money:/certifications,Authoritative practice sources,none,1200-1800,Explore the certifications,Article,social-core,Brief: scope: the discipline everything else depends on,none,Unassigned,,,
A-204,Planned,11,Awareness,Informational,Newcomers and practitioners,Global,Foundations,Work breakdown structures that hold up,work breakdown structure,"work, breakdown, what, makes, a","work, breakdown, structure, makes, good, rather, than, tidy",What makes a WBS good rather than tidy?,applied,Spoke,A-038,work-breakdown-structures-that-hold-up,projectcontrolsinstitute.org,[DEEP URL PENDING],pillar:A-038; cluster:Project-controls foundations; money:/certifications,Authoritative practice sources,none,1200-1800,Practise it in the labs,Article,social-core,Brief: work breakdown structures that hold up,none,Unassigned,,,
A-205,Planned,11,Awareness,Informational,Newcomers and practitioners,Global,Foundations,Baselines: what they are and when to change them,project baseline,"project, baseline, when, is, re-baselining","project, baseline, baselining, legitimate",When is re-baselining legitimate?,standard,Spoke,A-038,baselines-what-they-are-and-when-to-change-them,projectcontrolsinstitute.org,[DEEP URL PENDING],pillar:A-038; cluster:Project-controls foundations; money:/certifications,Authoritative practice sources,none,1200-1800,Explore the certifications,Article,social-core,Brief: baselines: what they are and when to change them,none,Unassigned,,,
A-206,Planned,11,Consideration,Informational,Newcomers and practitioners,Global,Foundations,Measuring progress without fooling yourself,progress measurement,"progress, measurement, which, methods","progress, measurement, methods, resist, optimism",Which progress methods resist optimism?,applied,Spoke,A-038,measuring-progress-without-fooling-yourself,projectcontrolsinstitute.org,[DEEP URL PENDING],pillar:A-038; cluster:Project-controls foundations; money:/certifications,Authoritative practice sources,none,1200-1800,Practise it in the labs,Article,social-core,Brief: measuring progress without fooling yourself,none,Unassigned,,,
A-207,Planned,11,Consideration,Informational,Newcomers and practitioners,Global,Foundations,Integrating cost and schedule,cost schedule integration,"cost, schedule, how, do, the","cost, schedule, integration, baselines, stay, consistent",How do the two baselines stay consistent?,applied,Spoke,A-038,integrating-cost-and-schedule,projectcontrolsinstitute.org,[DEEP URL PENDING],pillar:A-038; cluster:Project-controls foundations; money:/certifications,Authoritative practice sources,none,1200-1800,Practise it in the labs,Article,social-core,Brief: integrating cost and schedule,none,Unassigned,,,
A-208,Planned,11,Consideration,Informational,Newcomers and practitioners,Global,Foundations,"Project controls maturity, honestly assessed",project controls maturity,"project, controls, how, mature, is","project, controls, maturity, mature, organisation","How mature is my organisation, really?",asset,Spoke,A-038,project-controls-maturity-honestly-assessed,projectcontrolsinstitute.org,[DEEP URL PENDING],pillar:A-038; cluster:Project-controls foundations; money:/certifications,Authoritative practice sources,none,1400-2000,Explore the certifications,Article+BreadcrumbList,full,"Brief: project controls maturity, honestly assessed",none,Unassigned,,,
A-209,Planned,11,Consideration,Informational,Newcomers and practitioners,Global,Foundations,Controls on a small project versus a mega project,project controls scaling,"project, controls, what, scales, down","project, controls, scaling, scales, down, never",What scales down and what never should?,comparison,Spoke,A-038,controls-on-a-small-project-versus-a-mega-project,projectcontrolsinstitute.org,[DEEP URL PENDING],pillar:A-038; cluster:Project-controls foundations; money:/certifications,Authoritative practice sources,none,1600-2400,Decide with the guide,Article,full,Brief: controls on a small project versus a mega project,[COMPETITOR FACTS PENDING],Unassigned,,,
A-210,Planned,11,Consideration,Informational,Newcomers and practitioners,Global,Foundations,Data quality: the silent controls failure,project data quality,"project, data, how, does, bad","project, data, quality, destroy, good, analysis",How does bad data destroy good analysis?,applied,Spoke,A-038,data-quality-the-silent-controls-failure,projectcontrolsinstitute.org,[DEEP URL PENDING],pillar:A-038; cluster:Project-controls foundations; money:/certifications,Authoritative practice sources,none,1200-1800,Practise it in the labs,Article,social-core,Brief: data quality: the silent controls failure,none,Unassigned,,,
A-211,Planned,11,Consideration,Informational,Newcomers and practitioners,Global,Foundations,Reporting cadence that people actually read,project reporting cadence,"project, reporting, how, often, should","project, reporting, cadence, often, report, whom","How often should you report, and to whom?",standard,Spoke,A-038,reporting-cadence-that-people-actually-read,projectcontrolsinstitute.org,[DEEP URL PENDING],pillar:A-038; cluster:Project-controls foundations; money:/certifications,Authoritative practice sources,none,1200-1800,Explore the certifications,Article,social-core,Brief: reporting cadence that people actually read,none,Unassigned,,,
A-212,Planned,11,Consideration,Informational,Newcomers and practitioners,Global,Foundations,Governance for controls professionals,project controls governance,"project, controls, what, decisions, belong","project, controls, governance, decisions, belong, level",What decisions belong at which level?,standard,Spoke,A-038,governance-for-controls-professionals,projectcontrolsinstitute.org,[DEEP URL PENDING],pillar:A-038; cluster:Project-controls foundations; money:/certifications,Authoritative practice sources,none,1200-1800,Explore the certifications,Article,social-core,Brief: governance for controls professionals,none,Unassigned,,,
A-213,Planned,11,Awareness,Informational,Newcomers and practitioners,Global,Foundations,"The project controls toolkit, role by role",project controls tools,"project, controls, what, does, a","project, controls, tools, professional",What does a controls professional actually use?,standard,Spoke,A-038,the-project-controls-toolkit-role-by-role,projectcontrolsinstitute.org,[DEEP URL PENDING],pillar:A-038; cluster:Project-controls foundations; money:/certifications,Authoritative practice sources,none,1200-1800,Explore the certifications,Article,social-core,"Brief: the project controls toolkit, role by role",none,Unassigned,,,
A-214,Planned,11,Consideration,Informational,Newcomers and practitioners,Global,Foundations,Working with procurement and supply chain,procurement project controls,"procurement, project, where, do, controls","procurement, project, controls, meet",Where do controls and procurement meet?,standard,Spoke,A-038,working-with-procurement-and-supply-chain,projectcontrolsinstitute.org,[DEEP URL PENDING],pillar:A-038; cluster:Project-controls foundations; money:/certifications,Authoritative practice sources,none,1200-1800,Explore the certifications,Article,social-core,Brief: working with procurement and supply chain,none,Unassigned,,,
A-215,Planned,11,Consideration,Informational,Newcomers and practitioners,Global,Foundations,Working with engineering,engineering project controls,"engineering, project, how, do","engineering, project, controls, deliverables, drive, data",How do engineering deliverables drive controls data?,standard,Spoke,A-038,working-with-engineering,projectcontrolsinstitute.org,[DEEP URL PENDING],pillar:A-038; cluster:Project-controls foundations; money:/certifications,Authoritative practice sources,none,1200-1800,Explore the certifications,Article,social-core,Brief: working with engineering,none,Unassigned,,,
A-216,Planned,11,Consideration,Informational,Newcomers and practitioners,Global,Foundations,"Controls in operations, shutdowns and turnarounds",turnaround project controls,"turnaround, project, what, changes, when","turnaround, project, controls, changes, window, days, years","What changes when the window is days, not years?",standard,Spoke,A-038,controls-in-operations-shutdowns-and-turnarounds,projectcontrolsinstitute.org,[DEEP URL PENDING],pillar:A-038; cluster:Project-controls foundations; money:/certifications,Authoritative practice sources,none,1200-1800,Explore the certifications,Article,social-core,"Brief: controls in operations, shutdowns and turnarounds",none,Unassigned,,,
A-217,Planned,11,Consideration,Informational,Newcomers and practitioners,Global,Foundations,Controls versus assurance: different jobs,controls vs assurance,"controls, vs, who, checks, the","controls, assurance, checks, checkers",Who checks the checkers?,comparison,Spoke,A-038,controls-versus-assurance-different-jobs,projectcontrolsinstitute.org,[DEEP URL PENDING],pillar:A-038; cluster:Project-controls foundations; money:/certifications,Authoritative practice sources,none,1600-2400,Decide with the guide,Article,full,Brief: controls versus assurance: different jobs,[COMPETITOR FACTS PENDING],Unassigned,,,
A-218,Planned,11,Awareness,Informational,Newcomers and practitioners,Global,Foundations,A working glossary of project controls terms,project controls glossary,"project, controls, what, do, these","project, controls, glossary, these, terms, mean",What do these terms actually mean?,asset,Spoke,A-038,a-working-glossary-of-project-controls-terms,projectcontrolsinstitute.org,[DEEP URL PENDING],pillar:A-038; cluster:Project-controls foundations; money:/certifications,Authoritative practice sources,none,1400-2000,Explore the certifications,Article+BreadcrumbList,full,Brief: a working glossary of project controls terms,none,Unassigned,,,
A-219,Planned,11,Awareness,Commercial,Newcomers and practitioners,Global,Foundations,Breaking into project controls with no experience,how to start project controls career,"how, to, do, i","start, project, controls, career, first, role",How do I get the first role?,career,Spoke,A-038,breaking-into-project-controls-with-no-experience,projectcontrolsinstitute.org,[DEEP URL PENDING],pillar:A-038; cluster:Project-controls foundations; money:/certifications,Authoritative practice sources,none,1200-1800,Map your pathway,Article,social-core,Brief: breaking into project controls with no experience,none,Unassigned,,,
A-220,Planned,12,Awareness,Informational,Planners and schedulers,Global,Foundations,"Critical path method, from first principles",critical path method,"critical, path, how, does, cpm","critical, path, method, compute",How does CPM actually compute the path?,applied,Pillar,New pillar page,critical-path-method-from-first-principles,projectcontrolsinstitute.org,[DEEP URL PENDING],"pillar:self; cluster:Planning, scheduling and delay; money:/certifications",Authoritative practice sources,none,1200-1800,Practise it in the labs,Article,full,"Brief: critical path method, from first principles",none,Unassigned,,,
A-221,Planned,12,Consideration,Informational,Planners and schedulers,Global,Foundations,Building a schedule people can execute,how to build project schedule,"how, to, what, makes, a","build, project, schedule, makes, usable, rather, than, decorative",What makes a schedule usable rather than decorative?,applied,Spoke,A-220,building-a-schedule-people-can-execute,projectcontrolsinstitute.org,[DEEP URL PENDING],"pillar:A-220; cluster:Planning, scheduling and delay; money:/certifications",Authoritative practice sources,none,1200-1800,Practise it in the labs,Article,social-core,Brief: building a schedule people can execute,none,Unassigned,,,
A-222,Planned,12,Consideration,Informational,Planners and schedulers,Global,Foundations,"Float, and the four ways it misleads you",total float free float,"total, float, what, do, the","total, float, free, different, floats, tell",What do the different floats really tell you?,applied,Spoke,A-220,float-and-the-four-ways-it-misleads-you,projectcontrolsinstitute.org,[DEEP URL PENDING],"pillar:A-220; cluster:Planning, scheduling and delay; money:/certifications",Authoritative practice sources,none,1200-1800,Practise it in the labs,Article,social-core,"Brief: float, and the four ways it misleads you",none,Unassigned,,,
A-223,Planned,12,Consideration,Informational,Planners and schedulers,Global,Foundations,Schedule quality checks worth running,schedule quality check,"schedule, quality, how, do, i","schedule, quality, check, test, before, trusting",How do I test a schedule before trusting it?,asset,Spoke,A-220,schedule-quality-checks-worth-running,projectcontrolsinstitute.org,[DEEP URL PENDING],"pillar:A-220; cluster:Planning, scheduling and delay; money:/certifications",Authoritative practice sources,none,1400-2000,Explore the certifications,Article+BreadcrumbList,full,Brief: schedule quality checks worth running,none,Unassigned,,,
A-224,Planned,12,Consideration,Informational,Planners and schedulers,Global,Foundations,Resource loading and levelling,resource loaded schedule,"resource, loaded, how, do, resources","resource, loaded, schedule, resources, change, answer",How do resources change the answer?,applied,Spoke,A-220,resource-loading-and-levelling,projectcontrolsinstitute.org,[DEEP URL PENDING],"pillar:A-220; cluster:Planning, scheduling and delay; money:/certifications",Authoritative practice sources,none,1200-1800,Practise it in the labs,Article,social-core,Brief: resource loading and levelling,none,Unassigned,,,
A-225,Planned,12,Consideration,Informational,Planners and schedulers,Global,Foundations,Schedule risk analysis in practice,schedule risk analysis,"schedule, risk, how, do, you","schedule, risk, analysis, produce, defensible, date",How do you produce a defensible P80 date?,applied,Spoke,A-220,schedule-risk-analysis-in-practice,projectcontrolsinstitute.org,[DEEP URL PENDING],"pillar:A-220; cluster:Planning, scheduling and delay; money:/certifications",Authoritative practice sources,none,1200-1800,Practise it in the labs,Article,social-core,Brief: schedule risk analysis in practice,none,Unassigned,,,
A-226,Planned,12,Consideration,Informational,Planners and schedulers,Global,Foundations,Baselines and re-baselining without losing history,schedule baseline,"schedule, baseline, how, do, you","schedule, baseline, honestly",How do you re-baseline honestly?,standard,Spoke,A-220,baselines-and-re-baselining-without-losing-history,projectcontrolsinstitute.org,[DEEP URL PENDING],"pillar:A-220; cluster:Planning, scheduling and delay; money:/certifications",Authoritative practice sources,none,1200-1800,Explore the certifications,Article,social-core,Brief: baselines and re-baselining without losing history,none,Unassigned,,,
A-227,Planned,12,Consideration,Informational,Planners and schedulers,Global,Foundations,Progress updating: the weekly discipline,schedule progress update,"schedule, progress, what, does, a","schedule, progress, update, clean, cycle, look, like",What does a clean update cycle look like?,applied,Spoke,A-220,progress-updating-the-weekly-discipline,projectcontrolsinstitute.org,[DEEP URL PENDING],"pillar:A-220; cluster:Planning, scheduling and delay; money:/certifications",Authoritative practice sources,none,1200-1800,Practise it in the labs,Article,social-core,Brief: progress updating: the weekly discipline,none,Unassigned,,,
A-228,Planned,12,Consideration,Informational,Planners and schedulers,Global,Foundations,"Compression: crashing, fast-tracking and their costs",schedule compression,"schedule, compression, what, do, you","schedule, compression, shorter",What do you actually pay for a shorter schedule?,applied,Spoke,A-220,compression-crashing-fast-tracking-and-their-costs,projectcontrolsinstitute.org,[DEEP URL PENDING],"pillar:A-220; cluster:Planning, scheduling and delay; money:/certifications",Authoritative practice sources,none,1200-1800,Practise it in the labs,Article,social-core,"Brief: compression: crashing, fast-tracking and their costs",none,Unassigned,,,
A-229,Planned,12,Consideration,Informational,Planners and schedulers,Global,Foundations,Look-ahead planning that changes behaviour,look ahead schedule,"look, ahead, how, do, short-interval","look, ahead, schedule, short, interval, plans, drive, field",How do short-interval plans drive the field?,applied,Spoke,A-220,look-ahead-planning-that-changes-behaviour,projectcontrolsinstitute.org,[DEEP URL PENDING],"pillar:A-220; cluster:Planning, scheduling and delay; money:/certifications",Authoritative practice sources,none,1200-1800,Practise it in the labs,Article,social-core,Brief: look-ahead planning that changes behaviour,none,Unassigned,,,
A-230,Planned,12,Consideration,Informational,Planners and schedulers,Global,Foundations,Milestones that mean something,project milestones,"project, milestones, how, do, you","project, milestones, choose, worth, tracking",How do you choose milestones worth tracking?,standard,Spoke,A-220,milestones-that-mean-something,projectcontrolsinstitute.org,[DEEP URL PENDING],"pillar:A-220; cluster:Planning, scheduling and delay; money:/certifications",Authoritative practice sources,none,1200-1800,Explore the certifications,Article,social-core,Brief: milestones that mean something,none,Unassigned,,,
A-231,Planned,12,Consideration,Comparison,Planners and schedulers,Global,Foundations,"Delay analysis methods, compared",delay analysis methods,"delay, analysis, which, method, suits","delay, analysis, methods, method, suits, dispute",Which method suits which dispute?,comparison,Spoke,A-220,delay-analysis-methods-compared,projectcontrolsinstitute.org,[DEEP URL PENDING],"pillar:A-220; cluster:Planning, scheduling and delay; money:/certifications",Authoritative practice sources,none,1600-2400,Decide with the guide,Article,full,"Brief: delay analysis methods, compared",[COMPETITOR FACTS PENDING],Unassigned,,,
A-232,Planned,12,Consideration,Informational,Planners and schedulers,Global,Foundations,"Concurrent delay, explained for practitioners",concurrent delay,"concurrent, delay, what, happens, when","concurrent, delay, happens, both, parties, cause",What happens when both parties cause delay?,standard,Spoke,A-220,concurrent-delay-explained-for-practitioners,projectcontrolsinstitute.org,[DEEP URL PENDING],"pillar:A-220; cluster:Planning, scheduling and delay; money:/certifications",Authoritative practice sources,none,1200-1800,Explore the certifications,Article,social-core,"Brief: concurrent delay, explained for practitioners",none,Unassigned,,,
A-233,Planned,12,Consideration,Informational,Planners and schedulers,Global,Foundations,"Time impact analysis, step by step",time impact analysis,"time, impact, how, is, a","time, impact, analysis, constructed",How is a TIA constructed?,applied,Spoke,A-220,time-impact-analysis-step-by-step,projectcontrolsinstitute.org,[DEEP URL PENDING],"pillar:A-220; cluster:Planning, scheduling and delay; money:/certifications",Authoritative practice sources,none,1200-1800,Practise it in the labs,Article,social-core,"Brief: time impact analysis, step by step",none,Unassigned,,,
A-234,Planned,12,Consideration,Comparison,Planners and schedulers,Global,Foundations,As-planned versus as-built,as planned vs as built,"as, planned, when, is, this","planned, built, method, appropriate",When is this method appropriate?,comparison,Spoke,A-220,as-planned-versus-as-built,projectcontrolsinstitute.org,[DEEP URL PENDING],"pillar:A-220; cluster:Planning, scheduling and delay; money:/certifications",Authoritative practice sources,none,1600-2400,Decide with the guide,Article,full,Brief: as-planned versus as-built,[COMPETITOR FACTS PENDING],Unassigned,,,
A-235,Planned,12,Consideration,Informational,Planners and schedulers,Global,Foundations,Extension-of-time claims: the evidence that wins,extension of time claim,"extension, of, what, records, decide","extension, time, claim, records, decide",What records decide an EOT?,applied,Spoke,A-220,extension-of-time-claims-the-evidence-that-wins,projectcontrolsinstitute.org,[DEEP URL PENDING],"pillar:A-220; cluster:Planning, scheduling and delay; money:/certifications",Authoritative practice sources,none,1200-1800,Practise it in the labs,Article,social-core,Brief: extension-of-time claims: the evidence that wins,none,Unassigned,,,
A-236,Planned,12,Consideration,Informational,Planners and schedulers,Global,Foundations,Writing a schedule narrative anyone can follow,schedule narrative,"schedule, narrative, how, do, you","schedule, narrative, explain, prose",How do you explain a schedule in prose?,asset,Spoke,A-220,writing-a-schedule-narrative-anyone-can-follow,projectcontrolsinstitute.org,[DEEP URL PENDING],"pillar:A-220; cluster:Planning, scheduling and delay; money:/certifications",Authoritative practice sources,none,1400-2000,Explore the certifications,Article+BreadcrumbList,full,Brief: writing a schedule narrative anyone can follow,none,Unassigned,,,
A-237,Planned,12,Consideration,Informational,Planners and schedulers,Global,Foundations,Ten scheduling mistakes that survive audits,scheduling mistakes,"scheduling, mistakes, what, errors, keep","scheduling, mistakes, errors, keep, recurring",What errors keep recurring?,faq,Spoke,A-220,ten-scheduling-mistakes-that-survive-audits,projectcontrolsinstitute.org,[DEEP URL PENDING],"pillar:A-220; cluster:Planning, scheduling and delay; money:/certifications",Authoritative practice sources,none,1100-1500,Explore the certifications,Article+FAQPage,social-core,Brief: ten scheduling mistakes that survive audits,none,Unassigned,,,
A-238,Planned,12,Decision,Comparison,Planners and schedulers,Global,Foundations,Primavera P6 and Microsoft Project for scheduling,p6 vs ms project scheduling,"p6, vs, which, tool, suits","project, scheduling, tool, suits",Which tool suits which project?,comparison,Spoke,A-220,primavera-p6-and-microsoft-project-for-scheduling,projectcontrolsinstitute.org,[DEEP URL PENDING],"pillar:A-220; cluster:Planning, scheduling and delay; money:/certifications",Authoritative practice sources,none,1600-2400,Decide with the guide,Article,full,Brief: primavera p6 and microsoft project for scheduling,[COMPETITOR FACTS PENDING],Unassigned,,,
A-239,Planned,12,Consideration,Informational,Planners and schedulers,Global,Foundations,"Where AI helps a scheduler, and where it must not",ai scheduling,"ai, scheduling, what, can, be","scheduling, automated",What can be automated in scheduling?,applied,Spoke,A-220,where-ai-helps-a-scheduler-and-where-it-must-not,projectcontrolsinstitute.org,[DEEP URL PENDING],"pillar:A-220; cluster:Planning, scheduling and delay; money:/certifications",Authoritative practice sources,none,1200-1800,Practise it in the labs,Article,social-core,"Brief: where ai helps a scheduler, and where it must not",none,Unassigned,,,
A-240,Planned,13,Awareness,Informational,Cost engineers and estimators,Global,Foundations,Cost breakdown structures that reconcile,cost breakdown structure,"cost, breakdown, how, do, you","cost, breakdown, structure, build, ties",How do you build a CBS that ties to the WBS?,applied,Pillar,New pillar page,cost-breakdown-structures-that-reconcile,projectcontrolsinstitute.org,[DEEP URL PENDING],"pillar:self; cluster:Cost control, estimating and forecasting; money:/certifications",Authoritative practice sources,none,1200-1800,Practise it in the labs,Article,full,Brief: cost breakdown structures that reconcile,none,Unassigned,,,
A-241,Planned,13,Consideration,Comparison,Cost engineers and estimators,Global,Foundations,"Estimating methods, compared",estimating methods,"estimating, methods, which, method","estimating, methods, method, fits, stage",Which estimating method fits which stage?,comparison,Spoke,A-240,estimating-methods-compared,projectcontrolsinstitute.org,[DEEP URL PENDING],"pillar:A-240; cluster:Cost control, estimating and forecasting; money:/certifications",Authoritative practice sources,none,1600-2400,Decide with the guide,Article,full,"Brief: estimating methods, compared",[COMPETITOR FACTS PENDING],Unassigned,,,
A-242,Planned,13,Consideration,Informational,Cost engineers and estimators,Global,Foundations,Estimate classes and what they promise,estimate classification,"estimate, classification, what, accuracy, can","estimate, classification, accuracy, each, class, claim",What accuracy can each class claim?,standard,Spoke,A-240,estimate-classes-and-what-they-promise,projectcontrolsinstitute.org,[DEEP URL PENDING],"pillar:A-240; cluster:Cost control, estimating and forecasting; money:/certifications",Authoritative practice sources,none,1200-1800,Explore the certifications,Article,social-core,Brief: estimate classes and what they promise,none,Unassigned,,,
A-243,Planned,13,Consideration,Informational,Cost engineers and estimators,Global,Foundations,Contingency: sizing it and drawing it down,project contingency,"project, contingency, how, much, contingency,","project, contingency, releases","How much contingency, and who releases it?",applied,Spoke,A-240,contingency-sizing-it-and-drawing-it-down,projectcontrolsinstitute.org,[DEEP URL PENDING],"pillar:A-240; cluster:Cost control, estimating and forecasting; money:/certifications",Authoritative practice sources,none,1200-1800,Practise it in the labs,Article,social-core,Brief: contingency: sizing it and drawing it down,none,Unassigned,,,
A-244,Planned,13,Consideration,Informational,Cost engineers and estimators,Global,Foundations,Cost baselines and change,cost baseline,"cost, baseline, what, moves, the","cost, baseline, moves, legitimately",What moves the cost baseline legitimately?,standard,Spoke,A-240,cost-baselines-and-change,projectcontrolsinstitute.org,[DEEP URL PENDING],"pillar:A-240; cluster:Cost control, estimating and forecasting; money:/certifications",Authoritative practice sources,none,1200-1800,Explore the certifications,Article,social-core,Brief: cost baselines and change,none,Unassigned,,,
A-245,Planned,13,Consideration,Informational,Cost engineers and estimators,Global,Foundations,"Commitments, accruals and actuals",commitment vs actual cost,"commitment, vs, why, do, the","commitment, actual, cost, three, numbers, disagree",Why do the three numbers disagree?,applied,Spoke,A-240,commitments-accruals-and-actuals,projectcontrolsinstitute.org,[DEEP URL PENDING],"pillar:A-240; cluster:Cost control, estimating and forecasting; money:/certifications",Authoritative practice sources,none,1200-1800,Practise it in the labs,Article,social-core,"Brief: commitments, accruals and actuals",none,Unassigned,,,
A-246,Planned,13,Consideration,Informational,Cost engineers and estimators,Global,Foundations,Cost coding that survives contact with accounting,project cost coding,"project, cost, how, do, you","project, cost, coding, align, finance, codes",How do you align project and finance codes?,applied,Spoke,A-240,cost-coding-that-survives-contact-with-accounting,projectcontrolsinstitute.org,[DEEP URL PENDING],"pillar:A-240; cluster:Cost control, estimating and forecasting; money:/certifications",Authoritative practice sources,none,1200-1800,Practise it in the labs,Article,social-core,Brief: cost coding that survives contact with accounting,none,Unassigned,,,
A-247,Planned,13,Consideration,Informational,Cost engineers and estimators,Global,Foundations,"Variance analysis that explains, not just reports",cost variance analysis,"cost, variance, how, do, you","cost, variance, analysis, cause",How do you get from variance to cause?,applied,Spoke,A-240,variance-analysis-that-explains-not-just-reports,projectcontrolsinstitute.org,[DEEP URL PENDING],"pillar:A-240; cluster:Cost control, estimating and forecasting; money:/certifications",Authoritative practice sources,none,1200-1800,Practise it in the labs,Article,social-core,"Brief: variance analysis that explains, not just reports",none,Unassigned,,,
A-248,Planned,13,Consideration,Informational,Cost engineers and estimators,Global,Foundations,Forecasting at completion: the EAC formulas,estimate at completion,"estimate, at, which, eac, formula","estimate, completion, formula","Which EAC formula should you use, and when?",applied,Spoke,A-240,forecasting-at-completion-the-eac-formulas,projectcontrolsinstitute.org,[DEEP URL PENDING],"pillar:A-240; cluster:Cost control, estimating and forecasting; money:/certifications",Authoritative practice sources,none,1200-1800,Practise it in the labs,Article,social-core,Brief: forecasting at completion: the eac formulas,none,Unassigned,,,
A-249,Planned,13,Consideration,Informational,Cost engineers and estimators,Global,Foundations,Trend analysis before the variance appears,cost trend analysis,"cost, trend, how, do, you","cost, trend, analysis, coming",How do you see it coming?,applied,Spoke,A-240,trend-analysis-before-the-variance-appears,projectcontrolsinstitute.org,[DEEP URL PENDING],"pillar:A-240; cluster:Cost control, estimating and forecasting; money:/certifications",Authoritative practice sources,none,1200-1800,Practise it in the labs,Article,social-core,Brief: trend analysis before the variance appears,none,Unassigned,,,
A-250,Planned,13,Consideration,Informational,Cost engineers and estimators,Global,Foundations,Cost reports that drive decisions,project cost report,"project, cost, what, belongs, in","project, cost, report, belongs, monthly",What belongs in a monthly cost report?,asset,Spoke,A-240,cost-reports-that-drive-decisions,projectcontrolsinstitute.org,[DEEP URL PENDING],"pillar:A-240; cluster:Cost control, estimating and forecasting; money:/certifications",Authoritative practice sources,none,1400-2000,Explore the certifications,Article+BreadcrumbList,full,Brief: cost reports that drive decisions,none,Unassigned,,,
A-251,Planned,13,Consideration,Informational,Cost engineers and estimators,Global,Foundations,Benchmarking project costs responsibly,cost benchmarking,"cost, benchmarking, how, do, you","cost, benchmarking, compare, without, misleading",How do you compare without misleading?,standard,Spoke,A-240,benchmarking-project-costs-responsibly,projectcontrolsinstitute.org,[DEEP URL PENDING],"pillar:A-240; cluster:Cost control, estimating and forecasting; money:/certifications",Authoritative practice sources,none,1200-1800,Explore the certifications,Article,social-core,Brief: benchmarking project costs responsibly,none,Unassigned,,,
A-252,Planned,13,Consideration,Informational,Cost engineers and estimators,Global,Foundations,Escalation and inflation in long projects,cost escalation,"cost, escalation, how, do, you","cost, escalation, handle, rising, prices, baseline",How do you handle rising prices in a baseline?,applied,Spoke,A-240,escalation-and-inflation-in-long-projects,projectcontrolsinstitute.org,[DEEP URL PENDING],"pillar:A-240; cluster:Cost control, estimating and forecasting; money:/certifications",Authoritative practice sources,none,1200-1800,Practise it in the labs,Article,social-core,Brief: escalation and inflation in long projects,none,Unassigned,,,
A-253,Planned,13,Consideration,Informational,Cost engineers and estimators,Global,Foundations,Currency and exchange exposure on projects,project currency risk,"project, currency, what, happens, when","project, currency, risk, happens, costs, span, currencies",What happens when costs span currencies?,applied,Spoke,A-240,currency-and-exchange-exposure-on-projects,projectcontrolsinstitute.org,[DEEP URL PENDING],"pillar:A-240; cluster:Cost control, estimating and forecasting; money:/certifications",Authoritative practice sources,none,1200-1800,Practise it in the labs,Article,social-core,Brief: currency and exchange exposure on projects,none,Unassigned,,,
A-254,Planned,13,Consideration,Informational,Cost engineers and estimators,Global,Foundations,Cost control in construction delivery,construction cost control,"construction, cost, what, does","construction, cost, control, look, like, site",What does cost control look like on site?,career,Spoke,A-240,cost-control-in-construction-delivery,projectcontrolsinstitute.org,[DEEP URL PENDING],"pillar:A-240; cluster:Cost control, estimating and forecasting; money:/certifications",Authoritative practice sources,none,1200-1800,Map your pathway,Article,social-core,Brief: cost control in construction delivery,none,Unassigned,,,
A-255,Planned,13,Consideration,Informational,Cost engineers and estimators,Global,Foundations,Cost control in energy and process projects,energy project cost control,"energy, project, what, is, different","energy, project, cost, control, different, process, plants",What is different about process plants?,career,Spoke,A-240,cost-control-in-energy-and-process-projects,projectcontrolsinstitute.org,[DEEP URL PENDING],"pillar:A-240; cluster:Cost control, estimating and forecasting; money:/certifications",Authoritative practice sources,none,1200-1800,Map your pathway,Article,social-core,Brief: cost control in energy and process projects,none,Unassigned,,,
A-256,Planned,13,Consideration,Informational,Cost engineers and estimators,Global,Foundations,AI-assisted estimating: promise and guardrails,ai estimating,"ai, estimating, where, can","estimating, improve, estimate",Where can AI improve an estimate?,applied,Spoke,A-240,ai-assisted-estimating-promise-and-guardrails,projectcontrolsinstitute.org,[DEEP URL PENDING],"pillar:A-240; cluster:Cost control, estimating and forecasting; money:/certifications",Authoritative practice sources,none,1200-1800,Practise it in the labs,Article,social-core,Brief: ai-assisted estimating: promise and guardrails,none,Unassigned,,,
A-257,Planned,13,Consideration,Informational,Cost engineers and estimators,Global,Foundations,Cost control mistakes that repeat everywhere,cost control mistakes,"cost, control, what, goes, wrong","cost, control, mistakes, goes, wrong, most, often",What goes wrong most often?,faq,Spoke,A-240,cost-control-mistakes-that-repeat-everywhere,projectcontrolsinstitute.org,[DEEP URL PENDING],"pillar:A-240; cluster:Cost control, estimating and forecasting; money:/certifications",Authoritative practice sources,none,1100-1500,Explore the certifications,Article+FAQPage,social-core,Brief: cost control mistakes that repeat everywhere,none,Unassigned,,,
A-258,Planned,13,Consideration,Informational,Cost engineers and estimators,Global,Foundations,Cash flow versus the cost curve,project cash flow vs cost,"project, cash, why, are, spend","project, cash, flow, cost, spend, same",Why are spend and cash not the same?,comparison,Spoke,A-240,cash-flow-versus-the-cost-curve,projectcontrolsinstitute.org,[DEEP URL PENDING],"pillar:A-240; cluster:Cost control, estimating and forecasting; money:/certifications",Authoritative practice sources,none,1600-2400,Decide with the guide,Article,full,Brief: cash flow versus the cost curve,[COMPETITOR FACTS PENDING],Unassigned,,,
A-259,Planned,13,Decision,Commercial,Cost engineers and estimators,Global,Foundations,"A cost engineering career, mapped",cost engineering career,"cost, engineering, how, does, a","cost, engineering, career, progress",How does a cost career progress?,career,Spoke,A-240,a-cost-engineering-career-mapped,projectcontrolsinstitute.org,[DEEP URL PENDING],"pillar:A-240; cluster:Cost control, estimating and forecasting; money:/certifications",Authoritative practice sources,none,1200-1800,Map your pathway,Article,social-core,"Brief: a cost engineering career, mapped",none,Unassigned,,,
A-260,Planned,14,Awareness,Informational,Controls practitioners,Global,Foundations,Earned value management from first principles,earned value management,"earned, value, what, problem, does","earned, value, management, problem, solve",What problem does EVM actually solve?,applied,Pillar,New pillar page,earned-value-management-from-first-principles,projectcontrolsinstitute.org,[DEEP URL PENDING],pillar:self; cluster:Earned value management; money:/certifications,EVM system guidelines (verify),none,1200-1800,Practise it in the labs,Article,full,Brief: earned value management from first principles,none,Unassigned,,,
A-261,Planned,14,Awareness,Informational,Controls practitioners,Global,Foundations,"PV, EV and AC: the three numbers everything rests on",planned value earned value actual cost,"planned, value, what, do, the","planned, value, earned, actual, cost, three, base, measures",What do the three base measures mean?,applied,Spoke,A-260,pv-ev-and-ac-the-three-numbers-everything-rests-on,projectcontrolsinstitute.org,[DEEP URL PENDING],pillar:A-260; cluster:Earned value management; money:/certifications,EVM system guidelines (verify),none,1200-1800,Practise it in the labs,Article,social-core,"Brief: pv, ev and ac: the three numbers everything rests on",none,Unassigned,,,
A-262,Planned,14,Consideration,Informational,Controls practitioners,Global,Foundations,"CPI and SPI, and what they do not tell you",cpi spi meaning,"cpi, spi, how, should, performance","meaning, performance, indices, read",How should performance indices be read?,applied,Spoke,A-260,cpi-and-spi-and-what-they-do-not-tell-you,projectcontrolsinstitute.org,[DEEP URL PENDING],pillar:A-260; cluster:Earned value management; money:/certifications,EVM system guidelines (verify),none,1200-1800,Practise it in the labs,Article,social-core,"Brief: cpi and spi, and what they do not tell you",none,Unassigned,,,
A-263,Planned,14,Consideration,Informational,Controls practitioners,Global,Foundations,"Cost and schedule variance, worked",cost variance schedule variance,"cost, variance, how, are, variances","cost, variance, schedule, variances, computed, interpreted",How are variances computed and interpreted?,applied,Spoke,A-260,cost-and-schedule-variance-worked,projectcontrolsinstitute.org,[DEEP URL PENDING],pillar:A-260; cluster:Earned value management; money:/certifications,EVM system guidelines (verify),none,1200-1800,Practise it in the labs,Article,social-core,"Brief: cost and schedule variance, worked",none,Unassigned,,,
A-264,Planned,14,Consideration,Informational,Controls practitioners,Global,Foundations,EAC and ETC: forecasting from performance,eac etc formula,"eac, etc, how, do, you","formula, forecast, finish, today, data",How do you forecast the finish from today's data?,applied,Spoke,A-260,eac-and-etc-forecasting-from-performance,projectcontrolsinstitute.org,[DEEP URL PENDING],pillar:A-260; cluster:Earned value management; money:/certifications,EVM system guidelines (verify),none,1200-1800,Practise it in the labs,Article,social-core,Brief: eac and etc: forecasting from performance,none,Unassigned,,,
A-265,Planned,14,Consideration,Informational,Controls practitioners,Global,Foundations,TCPI: the index that tests your promise,to complete performance index,"to, complete, is, the, remaining","complete, performance, index, remaining, plan, achievable",Is the remaining plan achievable?,applied,Spoke,A-260,tcpi-the-index-that-tests-your-promise,projectcontrolsinstitute.org,[DEEP URL PENDING],pillar:A-260; cluster:Earned value management; money:/certifications,EVM system guidelines (verify),none,1200-1800,Practise it in the labs,Article,social-core,Brief: tcpi: the index that tests your promise,none,Unassigned,,,
A-266,Planned,14,Consideration,Informational,Controls practitioners,Global,Foundations,The data EVM needs before it works,evm data requirements,"evm, data, what, must, be","data, requirements, must, place, before, meaningful",What must be in place before EVM is meaningful?,standard,Spoke,A-260,the-data-evm-needs-before-it-works,projectcontrolsinstitute.org,[DEEP URL PENDING],pillar:A-260; cluster:Earned value management; money:/certifications,EVM system guidelines (verify),none,1200-1800,Explore the certifications,Article,social-core,Brief: the data evm needs before it works,none,Unassigned,,,
A-267,Planned,14,Consideration,Informational,Controls practitioners,Global,Foundations,Earned value on agile and hybrid work,agile earned value,"agile, earned, can, evm, survive","agile, earned, value, survive, iterative, delivery",Can EVM survive iterative delivery?,comparison,Spoke,A-260,earned-value-on-agile-and-hybrid-work,projectcontrolsinstitute.org,[DEEP URL PENDING],pillar:A-260; cluster:Earned value management; money:/certifications,EVM system guidelines (verify),none,1600-2400,Decide with the guide,Article,full,Brief: earned value on agile and hybrid work,[COMPETITOR FACTS PENDING],Unassigned,,,
A-268,Planned,14,Consideration,Informational,Controls practitioners,Global,Foundations,EVM system guidelines and where they come from,evms guidelines,"evms, guidelines, which, published","evms, guidelines, published, govern, systems",Which published guidelines govern EVM systems?,standard,Spoke,A-260,evm-system-guidelines-and-where-they-come-from,projectcontrolsinstitute.org,[DEEP URL PENDING],pillar:A-260; cluster:Earned value management; money:/certifications,EVM system guidelines (verify),none,1200-1800,Explore the certifications,Article,social-core,Brief: evm system guidelines and where they come from,none,Unassigned,,,
A-269,Planned,14,Consideration,Informational,Controls practitioners,Global,Foundations,Reporting earned value to people who dislike it,evm reporting,"evm, reporting, how, do, you","reporting, make, land, executives",How do you make EVM land with executives?,asset,Spoke,A-260,reporting-earned-value-to-people-who-dislike-it,projectcontrolsinstitute.org,[DEEP URL PENDING],pillar:A-260; cluster:Earned value management; money:/certifications,EVM system guidelines (verify),none,1400-2000,Explore the certifications,Article+BreadcrumbList,full,Brief: reporting earned value to people who dislike it,none,Unassigned,,,
A-270,Planned,14,Consideration,Informational,Controls practitioners,Global,Foundations,Nine ways EVM gets gamed,evm pitfalls,"evm, pitfalls, how, is, earned","pitfalls, earned, value, manipulated, practice",How is earned value manipulated in practice?,faq,Spoke,A-260,nine-ways-evm-gets-gamed,projectcontrolsinstitute.org,[DEEP URL PENDING],pillar:A-260; cluster:Earned value management; money:/certifications,EVM system guidelines (verify),none,1100-1500,Explore the certifications,Article+FAQPage,social-core,Brief: nine ways evm gets gamed,none,Unassigned,,,
A-271,Planned,14,Consideration,Comparison,Controls practitioners,Global,Foundations,"Percent complete methods, compared",percent complete methods,"percent, complete, which, measurement, method","percent, complete, methods, measurement, method, suits, work",Which measurement method suits which work?,comparison,Spoke,A-260,percent-complete-methods-compared,projectcontrolsinstitute.org,[DEEP URL PENDING],pillar:A-260; cluster:Earned value management; money:/certifications,EVM system guidelines (verify),none,1600-2400,Decide with the guide,Article,full,"Brief: percent complete methods, compared",[COMPETITOR FACTS PENDING],Unassigned,,,
A-272,Planned,14,Consideration,Informational,Controls practitioners,Global,Foundations,"A full EVM worked example, end to end",evm worked example,"evm, worked, can, i, see","worked, example, whole, calculation, project",Can I see the whole calculation on one project?,asset,Spoke,A-260,a-full-evm-worked-example-end-to-end,projectcontrolsinstitute.org,[DEEP URL PENDING],pillar:A-260; cluster:Earned value management; money:/certifications,EVM system guidelines (verify),none,1400-2000,Explore the certifications,Article+BreadcrumbList,full,"Brief: a full evm worked example, end to end",none,Unassigned,,,
A-273,Planned,14,Decision,Informational,Controls practitioners,Global,Foundations,Standing up EVM on a live project,implement evm,"implement, evm, how, do, you","implement, introduce, flight",How do you introduce EVM mid-flight?,applied,Spoke,A-260,standing-up-evm-on-a-live-project,projectcontrolsinstitute.org,[DEEP URL PENDING],pillar:A-260; cluster:Earned value management; money:/certifications,EVM system guidelines (verify),none,1200-1800,Practise it in the labs,Article,social-core,Brief: standing up evm on a live project,none,Unassigned,,,
A-274,Planned,14,Decision,Comparison,Controls practitioners,Global,Foundations,Choosing EVM tooling,evm software,"evm, software, what, should","software, tooling",What should EVM tooling actually do?,comparison,Spoke,A-260,choosing-evm-tooling,projectcontrolsinstitute.org,[DEEP URL PENDING],pillar:A-260; cluster:Earned value management; money:/certifications,EVM system guidelines (verify),none,1600-2400,Decide with the guide,Article,full,Brief: choosing evm tooling,[COMPETITOR FACTS PENDING],Unassigned,,,
A-275,Planned,14,Awareness,Informational,Controls practitioners,Global,Foundations,EVM myths that will not die,evm myths,"evm, myths, what, do, people","myths, people, wrong, earned, value",What do people get wrong about earned value?,faq,Spoke,A-260,evm-myths-that-will-not-die,projectcontrolsinstitute.org,[DEEP URL PENDING],pillar:A-260; cluster:Earned value management; money:/certifications,EVM system guidelines (verify),none,1100-1500,Explore the certifications,Article+FAQPage,social-core,Brief: evm myths that will not die,none,Unassigned,,,
A-276,Planned,14,Consideration,Informational,Controls practitioners,Global,Foundations,Earned value for small projects,evm small projects,"evm, small, is, worth","small, projects, worth, below, certain, size",Is EVM worth it below a certain size?,faq,Spoke,A-260,earned-value-for-small-projects,projectcontrolsinstitute.org,[DEEP URL PENDING],pillar:A-260; cluster:Earned value management; money:/certifications,EVM system guidelines (verify),none,1100-1500,Explore the certifications,Article+FAQPage,social-core,Brief: earned value for small projects,none,Unassigned,,,
A-277,Planned,14,Consideration,Informational,Controls practitioners,Global,Foundations,Reading EVM trends over six months,evm trend analysis,"evm, trend, what, do, the","trend, analysis, curves, tell, over, time",What do the curves tell you over time?,applied,Spoke,A-260,reading-evm-trends-over-six-months,projectcontrolsinstitute.org,[DEEP URL PENDING],pillar:A-260; cluster:Earned value management; money:/certifications,EVM system guidelines (verify),none,1200-1800,Practise it in the labs,Article,social-core,Brief: reading evm trends over six months,none,Unassigned,,,
A-278,Planned,15,Awareness,Informational,"Risk, change and governance practitioners",Global,Foundations,A risk process that survives delivery pressure,project risk management process,"project, risk, what, does, a","project, risk, management, process, working, look, like",What does a working risk process look like?,standard,Pillar,New pillar page,a-risk-process-that-survives-delivery-pressure,projectcontrolsinstitute.org,[DEEP URL PENDING],"pillar:self; cluster:Risk, change and governance; money:/certifications",Authoritative practice sources,none,1200-1800,Explore the certifications,Article,full,Brief: a risk process that survives delivery pressure,none,Unassigned,,,
A-279,Planned,15,Consideration,Informational,"Risk, change and governance practitioners",Global,Foundations,Risk registers that get used,project risk register,"project, risk, how, do, you","project, risk, register, keep, alive",How do you keep a register alive?,asset,Spoke,A-278,risk-registers-that-get-used,projectcontrolsinstitute.org,[DEEP URL PENDING],"pillar:A-278; cluster:Risk, change and governance; money:/certifications",Authoritative practice sources,none,1400-2000,Explore the certifications,Article+BreadcrumbList,full,Brief: risk registers that get used,none,Unassigned,,,
A-280,Planned,15,Consideration,Comparison,"Risk, change and governance practitioners",Global,Foundations,"Qualitative and quantitative risk, compared",qualitative vs quantitative risk,"qualitative, vs, when, do, you","qualitative, quantitative, risk, numbers",When do you need numbers?,comparison,Spoke,A-278,qualitative-and-quantitative-risk-compared,projectcontrolsinstitute.org,[DEEP URL PENDING],"pillar:A-278; cluster:Risk, change and governance; money:/certifications",Authoritative practice sources,none,1600-2400,Decide with the guide,Article,full,"Brief: qualitative and quantitative risk, compared",[COMPETITOR FACTS PENDING],Unassigned,,,
A-281,Planned,15,Consideration,Informational,"Risk, change and governance practitioners",Global,Foundations,Monte Carlo simulation for project outcomes,monte carlo project risk,"monte, carlo, how, does, simulation","monte, carlo, project, risk, simulation, produce, confidence, range",How does simulation produce a confidence range?,applied,Spoke,A-278,monte-carlo-simulation-for-project-outcomes,projectcontrolsinstitute.org,[DEEP URL PENDING],"pillar:A-278; cluster:Risk, change and governance; money:/certifications",Authoritative practice sources,none,1200-1800,Practise it in the labs,Article,social-core,Brief: monte carlo simulation for project outcomes,none,Unassigned,,,
A-282,Planned,15,Consideration,Informational,"Risk, change and governance practitioners",Global,Foundations,"Risk appetite and tolerance, made concrete",risk appetite project,"risk, appetite, how, do, you","risk, appetite, project, turn, thresholds",How do you turn appetite into thresholds?,standard,Spoke,A-278,risk-appetite-and-tolerance-made-concrete,projectcontrolsinstitute.org,[DEEP URL PENDING],"pillar:A-278; cluster:Risk, change and governance; money:/certifications",Authoritative practice sources,none,1200-1800,Explore the certifications,Article,social-core,"Brief: risk appetite and tolerance, made concrete",none,Unassigned,,,
A-283,Planned,15,Consideration,Informational,"Risk, change and governance practitioners",Global,Foundations,Contingency drawdown discipline,contingency drawdown,"contingency, drawdown, how, do, you","contingency, drawdown, release, without, losing, control",How do you release contingency without losing control?,applied,Spoke,A-278,contingency-drawdown-discipline,projectcontrolsinstitute.org,[DEEP URL PENDING],"pillar:A-278; cluster:Risk, change and governance; money:/certifications",Authoritative practice sources,none,1200-1800,Practise it in the labs,Article,social-core,Brief: contingency drawdown discipline,none,Unassigned,,,
A-284,Planned,15,Consideration,Informational,"Risk, change and governance practitioners",Global,Foundations,Change control that neither blocks nor leaks,project change control,"project, change, how, do, you","project, change, control, keep, visible, priced",How do you keep change visible and priced?,applied,Spoke,A-278,change-control-that-neither-blocks-nor-leaks,projectcontrolsinstitute.org,[DEEP URL PENDING],"pillar:A-278; cluster:Risk, change and governance; money:/certifications",Authoritative practice sources,none,1200-1800,Practise it in the labs,Article,social-core,Brief: change control that neither blocks nor leaks,none,Unassigned,,,
A-285,Planned,15,Consideration,Informational,"Risk, change and governance practitioners",Global,Foundations,"Variations, changes and claims: the distinctions",variation vs change order,"variation, vs, what, is, the","variation, change, order, difference, contractually","What is the difference, contractually?",comparison,Spoke,A-278,variations-changes-and-claims-the-distinctions,projectcontrolsinstitute.org,[DEEP URL PENDING],"pillar:A-278; cluster:Risk, change and governance; money:/certifications",Authoritative practice sources,none,1600-2400,Decide with the guide,Article,full,"Brief: variations, changes and claims: the distinctions",[COMPETITOR FACTS PENDING],Unassigned,,,
A-286,Planned,15,Consideration,Informational,"Risk, change and governance practitioners",Global,Foundations,Trend registers: change before it is change,project trend register,"project, trend, how, do, you","project, trend, register, capture, emerging, cost, time",How do you capture emerging cost and time?,applied,Spoke,A-278,trend-registers-change-before-it-is-change,projectcontrolsinstitute.org,[DEEP URL PENDING],"pillar:A-278; cluster:Risk, change and governance; money:/certifications",Authoritative practice sources,none,1200-1800,Practise it in the labs,Article,social-core,Brief: trend registers: change before it is change,none,Unassigned,,,
A-287,Planned,15,Consideration,Informational,"Risk, change and governance practitioners",Global,Foundations,Issue management when the risk has landed,project issue management,"project, issue, what, changes, when","project, issue, management, changes, risk, becomes",What changes when a risk becomes an issue?,standard,Spoke,A-278,issue-management-when-the-risk-has-landed,projectcontrolsinstitute.org,[DEEP URL PENDING],"pillar:A-278; cluster:Risk, change and governance; money:/certifications",Authoritative practice sources,none,1200-1800,Explore the certifications,Article,social-core,Brief: issue management when the risk has landed,none,Unassigned,,,
A-288,Planned,15,Consideration,Informational,"Risk, change and governance practitioners",Global,Foundations,Governance frameworks for projects,project governance framework,"project, governance, how, is, a","project, governance, framework, structured",How is a governance framework structured?,standard,Spoke,A-278,governance-frameworks-for-projects,projectcontrolsinstitute.org,[DEEP URL PENDING],"pillar:A-278; cluster:Risk, change and governance; money:/certifications",Authoritative practice sources,none,1200-1800,Explore the certifications,Article,social-core,Brief: governance frameworks for projects,none,Unassigned,,,
A-289,Planned,15,Consideration,Informational,"Risk, change and governance practitioners",Global,Foundations,Stage gates that decide something,project stage gates,"project, stage, what, makes, a","project, stage, gates, makes, gate, real, rather, than",What makes a gate real rather than ceremonial?,standard,Spoke,A-278,stage-gates-that-decide-something,projectcontrolsinstitute.org,[DEEP URL PENDING],"pillar:A-278; cluster:Risk, change and governance; money:/certifications",Authoritative practice sources,none,1200-1800,Explore the certifications,Article,social-core,Brief: stage gates that decide something,none,Unassigned,,,
A-290,Planned,15,Consideration,Informational,"Risk, change and governance practitioners",Global,Foundations,Independent assurance reviews,project assurance review,"project, assurance, who, reviews,, and","project, assurance, review, reviews, against","Who reviews, and against what?",standard,Spoke,A-278,independent-assurance-reviews,projectcontrolsinstitute.org,[DEEP URL PENDING],"pillar:A-278; cluster:Risk, change and governance; money:/certifications",Authoritative practice sources,none,1200-1800,Explore the certifications,Article,social-core,Brief: independent assurance reviews,none,Unassigned,,,
A-291,Planned,15,Consideration,Informational,"Risk, change and governance practitioners",Global,Foundations,"Decision rights: who decides what, at what value",project decision rights,"project, decision, how, do, you","project, decision, rights, delegated, authority",How do you set delegated authority?,asset,Spoke,A-278,decision-rights-who-decides-what-at-what-value,projectcontrolsinstitute.org,[DEEP URL PENDING],"pillar:A-278; cluster:Risk, change and governance; money:/certifications",Authoritative practice sources,none,1400-2000,Explore the certifications,Article+BreadcrumbList,full,"Brief: decision rights: who decides what, at what value",none,Unassigned,,,
A-292,Planned,15,Consideration,Informational,"Risk, change and governance practitioners",Global,Foundations,Escalation that works,project escalation process,"project, escalation, when, and, how","project, escalation, process, issues, escalate",When and how should issues escalate?,standard,Spoke,A-278,escalation-that-works,projectcontrolsinstitute.org,[DEEP URL PENDING],"pillar:A-278; cluster:Risk, change and governance; money:/certifications",Authoritative practice sources,none,1200-1800,Explore the certifications,Article,social-core,Brief: escalation that works,none,Unassigned,,,
A-293,Planned,15,Retention,Informational,"Risk, change and governance practitioners",Global,Foundations,Lessons learned that change the next project,lessons learned process,"lessons, learned, how, do","lessons, learned, process, used",How do lessons actually get used?,applied,Spoke,A-278,lessons-learned-that-change-the-next-project,projectcontrolsinstitute.org,[DEEP URL PENDING],"pillar:A-278; cluster:Risk, change and governance; money:/certifications",Authoritative practice sources,none,1200-1800,Practise it in the labs,Article,social-core,Brief: lessons learned that change the next project,none,Unassigned,,,
A-294,Planned,15,Consideration,Informational,"Risk, change and governance practitioners",Global,Foundations,Risk in AI-assisted forecasting,ai forecasting risk,"ai, forecasting, what, new, risks","forecasting, risk, risks, introduce, forecasts",What new risks does AI introduce to forecasts?,applied,Spoke,A-278,risk-in-ai-assisted-forecasting,projectcontrolsinstitute.org,[DEEP URL PENDING],"pillar:A-278; cluster:Risk, change and governance; money:/certifications",Authoritative practice sources,none,1200-1800,Practise it in the labs,Article,social-core,Brief: risk in ai-assisted forecasting,none,Unassigned,,,
A-295,Planned,15,Consideration,Informational,"Risk, change and governance practitioners",Global,Foundations,Risk management mistakes that recur,risk management mistakes,"risk, management, what, goes, wrong","risk, management, mistakes, goes, wrong, most, processes",What goes wrong in most risk processes?,faq,Spoke,A-278,risk-management-mistakes-that-recur,projectcontrolsinstitute.org,[DEEP URL PENDING],"pillar:A-278; cluster:Risk, change and governance; money:/certifications",Authoritative practice sources,none,1100-1500,Explore the certifications,Article+FAQPage,social-core,Brief: risk management mistakes that recur,none,Unassigned,,,
A-296,Planned,15,Consideration,Informational,"Risk, change and governance practitioners",Global,Foundations,"Opportunity management, not just threat",project opportunity management,"project, opportunity, why, is, the","project, opportunity, management, upside, usually, ignored",Why is the upside usually ignored?,standard,Spoke,A-278,opportunity-management-not-just-threat,projectcontrolsinstitute.org,[DEEP URL PENDING],"pillar:A-278; cluster:Risk, change and governance; money:/certifications",Authoritative practice sources,none,1200-1800,Explore the certifications,Article,social-core,"Brief: opportunity management, not just threat",none,Unassigned,,,
A-297,Planned,15,Consideration,Informational,"Risk, change and governance practitioners",Global,Foundations,Reporting risk to a board,board risk reporting,"board, risk, what, does, a","board, risk, reporting",What does a board need to see?,asset,Spoke,A-278,reporting-risk-to-a-board,projectcontrolsinstitute.org,[DEEP URL PENDING],"pillar:A-278; cluster:Risk, change and governance; money:/certifications",Authoritative practice sources,none,1400-2000,Explore the certifications,Article+BreadcrumbList,full,Brief: reporting risk to a board,none,Unassigned,,,
A-298,Planned,16,Awareness,Comparison,Project finance and commercial professionals,Global,Foundations,"Project finance and corporate finance, compared",project finance vs corporate finance,"project, finance, how, is, non-recourse","project, finance, corporate, recourse, different",How is non-recourse finance different?,comparison,Pillar,New pillar page,project-finance-and-corporate-finance-compared,projectcontrolsinstitute.org,[DEEP URL PENDING],"pillar:self; cluster:Project finance, budgeting, cash flow and accounting; money:/certifications",Authoritative finance sources,none,1600-2400,Decide with the guide,Article,full,"Brief: project finance and corporate finance, compared",[COMPETITOR FACTS PENDING],Unassigned,,,
A-299,Planned,16,Awareness,Informational,Project finance and commercial professionals,Global,Foundations,Capital structure basics for project people,project capital structure,"project, capital, how, are, debt","project, capital, structure, debt, equity, assembled",How are debt and equity assembled?,applied,Spoke,A-298,capital-structure-basics-for-project-people,projectcontrolsinstitute.org,[DEEP URL PENDING],"pillar:A-298; cluster:Project finance, budgeting, cash flow and accounting; money:/certifications",Authoritative finance sources,none,1200-1800,Practise it in the labs,Article,social-core,Brief: capital structure basics for project people,none,Unassigned,,,
A-300,Planned,16,Consideration,Informational,Project finance and commercial professionals,Global,Foundations,Sizing debt against a cash flow,debt sizing project finance,"debt, sizing, how, much","debt, sizing, project, finance, will, support",How much debt will a project support?,applied,Spoke,A-298,sizing-debt-against-a-cash-flow,projectcontrolsinstitute.org,[DEEP URL PENDING],"pillar:A-298; cluster:Project finance, budgeting, cash flow and accounting; money:/certifications",Authoritative finance sources,none,1200-1800,Practise it in the labs,Article,social-core,Brief: sizing debt against a cash flow,none,Unassigned,,,
A-301,Planned,16,Consideration,Informational,Project finance and commercial professionals,Global,Foundations,"Debt service coverage ratio, worked",dscr calculation,"dscr, calculation, how, is","dscr, calculation, computed, read",How is DSCR computed and read?,applied,Spoke,A-298,debt-service-coverage-ratio-worked,projectcontrolsinstitute.org,[DEEP URL PENDING],"pillar:A-298; cluster:Project finance, budgeting, cash flow and accounting; money:/certifications",Authoritative finance sources,none,1200-1800,Practise it in the labs,Article,social-core,"Brief: debt service coverage ratio, worked",none,Unassigned,,,
A-302,Planned,16,Consideration,Informational,Project finance and commercial professionals,Global,Foundations,"Loan life coverage ratio, worked",llcr calculation,"llcr, calculation, what, does","llcr, calculation, over, dscr",What does LLCR add over DSCR?,applied,Spoke,A-298,loan-life-coverage-ratio-worked,projectcontrolsinstitute.org,[DEEP URL PENDING],"pillar:A-298; cluster:Project finance, budgeting, cash flow and accounting; money:/certifications",Authoritative finance sources,none,1200-1800,Practise it in the labs,Article,social-core,"Brief: loan life coverage ratio, worked",none,Unassigned,,,
A-303,Planned,16,Consideration,Informational,Project finance and commercial professionals,Global,Foundations,How a project financial model is structured,project finance model structure,"project, finance, what, are, the","project, finance, model, structure, standard, layers",What are the standard model layers?,asset,Spoke,A-298,how-a-project-financial-model-is-structured,projectcontrolsinstitute.org,[DEEP URL PENDING],"pillar:A-298; cluster:Project finance, budgeting, cash flow and accounting; money:/certifications",Authoritative finance sources,none,1400-2000,Explore the certifications,Article+BreadcrumbList,full,Brief: how a project financial model is structured,none,Unassigned,,,
A-304,Planned,16,Consideration,Informational,Project finance and commercial professionals,Global,Foundations,Sensitivity and scenario analysis,financial model sensitivity,"financial, model, which, variables, actually","financial, model, sensitivity, variables, move, answer",Which variables actually move the answer?,applied,Spoke,A-298,sensitivity-and-scenario-analysis,projectcontrolsinstitute.org,[DEEP URL PENDING],"pillar:A-298; cluster:Project finance, budgeting, cash flow and accounting; money:/certifications",Authoritative finance sources,none,1200-1800,Practise it in the labs,Article,social-core,Brief: sensitivity and scenario analysis,none,Unassigned,,,
A-305,Planned,16,Consideration,Informational,Project finance and commercial professionals,Global,Foundations,What makes a project bankable,bankable project,"bankable, project, what, do, lenders","bankable, project, lenders, test, before, committing",What do lenders test before committing?,standard,Spoke,A-298,what-makes-a-project-bankable,projectcontrolsinstitute.org,[DEEP URL PENDING],"pillar:A-298; cluster:Project finance, budgeting, cash flow and accounting; money:/certifications",Authoritative finance sources,none,1200-1800,Explore the certifications,Article,social-core,Brief: what makes a project bankable,none,Unassigned,,,
A-306,Planned,16,Consideration,Informational,Project finance and commercial professionals,Global,Foundations,Public-private partnership structures,ppp structures explained,"ppp, structures, how, are, ppps","structures, explained, ppps, assembled, paid",How are PPPs assembled and paid?,standard,Spoke,A-298,public-private-partnership-structures,projectcontrolsinstitute.org,[DEEP URL PENDING],"pillar:A-298; cluster:Project finance, budgeting, cash flow and accounting; money:/certifications",Authoritative finance sources,none,1200-1800,Explore the certifications,Article,social-core,Brief: public-private partnership structures,none,Unassigned,,,
A-307,Planned,16,Consideration,Informational,Project finance and commercial professionals,Global,Foundations,What happens at financial close,financial close process,"financial, close, what, must, be","financial, close, process, must, true, before, money, flows",What must be true before money flows?,standard,Spoke,A-298,what-happens-at-financial-close,projectcontrolsinstitute.org,[DEEP URL PENDING],"pillar:A-298; cluster:Project finance, budgeting, cash flow and accounting; money:/certifications",Authoritative finance sources,none,1200-1800,Explore the certifications,Article,social-core,Brief: what happens at financial close,none,Unassigned,,,
A-308,Planned,16,Consideration,Informational,Project finance and commercial professionals,Global,Foundations,Forecasting project cash flow,cash flow forecasting project,"cash, flow, how, do, you","cash, flow, forecasting, project, build, curve",How do you build the cash curve?,applied,Spoke,A-298,forecasting-project-cash-flow,projectcontrolsinstitute.org,[DEEP URL PENDING],"pillar:A-298; cluster:Project finance, budgeting, cash flow and accounting; money:/certifications",Authoritative finance sources,none,1200-1800,Practise it in the labs,Article,social-core,Brief: forecasting project cash flow,none,Unassigned,,,
A-309,Planned,16,Consideration,Informational,Project finance and commercial professionals,Global,Foundations,Working capital on projects,project working capital,"project, working, why, do, profitable","project, working, capital, profitable, projects, cash",Why do profitable projects run out of cash?,applied,Spoke,A-298,working-capital-on-projects,projectcontrolsinstitute.org,[DEEP URL PENDING],"pillar:A-298; cluster:Project finance, budgeting, cash flow and accounting; money:/certifications",Authoritative finance sources,none,1200-1800,Practise it in the labs,Article,social-core,Brief: working capital on projects,none,Unassigned,,,
A-310,Planned,16,Consideration,Comparison,Project finance and commercial professionals,Global,Foundations,"NPV and IRR, and where they mislead",npv vs irr,"npv, vs, when, does, irr","give, wrong, signal",When does IRR give the wrong signal?,comparison,Spoke,A-298,npv-and-irr-and-where-they-mislead,projectcontrolsinstitute.org,[DEEP URL PENDING],"pillar:A-298; cluster:Project finance, budgeting, cash flow and accounting; money:/certifications",Authoritative finance sources,none,1600-2400,Decide with the guide,Article,full,"Brief: npv and irr, and where they mislead",[COMPETITOR FACTS PENDING],Unassigned,,,
A-311,Planned,16,Consideration,Informational,Project finance and commercial professionals,Global,Foundations,"Discounting, payback and hurdle rates",discount rate project,"discount, rate, how, is, the","discount, rate, project, chosen",How is the discount rate chosen?,applied,Spoke,A-298,discounting-payback-and-hurdle-rates,projectcontrolsinstitute.org,[DEEP URL PENDING],"pillar:A-298; cluster:Project finance, budgeting, cash flow and accounting; money:/certifications",Authoritative finance sources,none,1200-1800,Practise it in the labs,Article,social-core,"Brief: discounting, payback and hurdle rates",none,Unassigned,,,
A-312,Planned,16,Awareness,Informational,Project finance and commercial professionals,Global,Foundations,Accounting foundations for project managers,accounting basics project managers,"accounting, basics, what, must","accounting, basics, project, managers, must, delivery, lead, know",What accounting must a delivery lead know?,applied,Spoke,A-298,accounting-foundations-for-project-managers,projectcontrolsinstitute.org,[DEEP URL PENDING],"pillar:A-298; cluster:Project finance, budgeting, cash flow and accounting; money:/certifications",Authoritative finance sources,none,1200-1800,Practise it in the labs,Article,social-core,Brief: accounting foundations for project managers,none,Unassigned,,,
A-313,Planned,16,Consideration,Informational,Project finance and commercial professionals,Global,Foundations,Capex and opex on projects,capex vs opex,"capex, vs, what, determines, the","capex, opex, determines, treatment",What determines the treatment?,comparison,Spoke,A-298,capex-and-opex-on-projects,projectcontrolsinstitute.org,[DEEP URL PENDING],"pillar:A-298; cluster:Project finance, budgeting, cash flow and accounting; money:/certifications",Authoritative finance sources,none,1600-2400,Decide with the guide,Article,full,Brief: capex and opex on projects,[COMPETITOR FACTS PENDING],Unassigned,,,
A-314,Planned,16,Consideration,Informational,Project finance and commercial professionals,Global,Foundations,Revenue recognition for project work,revenue recognition projects,"revenue, recognition, how, is","revenue, recognition, projects, recognised, over, time",How is revenue recognised over time?,standard,Spoke,A-298,revenue-recognition-for-project-work,projectcontrolsinstitute.org,[DEEP URL PENDING],"pillar:A-298; cluster:Project finance, budgeting, cash flow and accounting; money:/certifications",Authoritative finance sources,none,1200-1800,Explore the certifications,Article,social-core,Brief: revenue recognition for project work,none,Unassigned,,,
A-315,Planned,16,Consideration,Informational,Project finance and commercial professionals,Global,Foundations,Leases and their project consequences,lease accounting projects,"lease, accounting, how, do, leases","lease, accounting, projects, leases, affect, project, cost",How do leases affect project cost?,standard,Spoke,A-298,leases-and-their-project-consequences,projectcontrolsinstitute.org,[DEEP URL PENDING],"pillar:A-298; cluster:Project finance, budgeting, cash flow and accounting; money:/certifications",Authoritative finance sources,none,1200-1800,Explore the certifications,Article,social-core,Brief: leases and their project consequences,none,Unassigned,,,
A-316,Planned,16,Consideration,Informational,Project finance and commercial professionals,Global,Foundations,"Budget, forecast and actual: three different jobs",budget vs forecast vs actual,"budget, vs, why, keep, all","budget, forecast, actual, keep, three",Why keep all three?,comparison,Spoke,A-298,budget-forecast-and-actual-three-different-jobs,projectcontrolsinstitute.org,[DEEP URL PENDING],"pillar:A-298; cluster:Project finance, budgeting, cash flow and accounting; money:/certifications",Authoritative finance sources,none,1600-2400,Decide with the guide,Article,full,"Brief: budget, forecast and actual: three different jobs",[COMPETITOR FACTS PENDING],Unassigned,,,
A-317,Planned,16,Awareness,Informational,Project finance and commercial professionals,Global,Foundations,Finance for non-financial project managers,finance for project managers,"finance, for, what, is, the","finance, project, managers, minimum, viable, literacy",What is the minimum viable finance literacy?,asset,Spoke,A-298,finance-for-non-financial-project-managers,projectcontrolsinstitute.org,[DEEP URL PENDING],"pillar:A-298; cluster:Project finance, budgeting, cash flow and accounting; money:/certifications",Authoritative finance sources,none,1400-2000,Explore the certifications,Article+BreadcrumbList,full,Brief: finance for non-financial project managers,none,Unassigned,,,
A-318,Planned,17,Awareness,Informational,Controls and delivery professionals adopting AI,Global,Foundations,Governed AI in project controls,ai project controls,"ai, project, what, does, governed","project, controls, governed, mean, practice",What does governed AI mean in practice?,standard,Pillar,New pillar page,governed-ai-in-project-controls,projectcontrolsinstitute.org,[DEEP URL PENDING],"pillar:self; cluster:AI, data, analytics, automation and responsible use; money:/certifications",Authoritative AI-governance sources,none,1200-1800,Explore the certifications,Article,full,Brief: governed ai in project controls,none,Unassigned,,,
A-319,Planned,17,Awareness,Informational,Controls and delivery professionals adopting AI,Global,Foundations,"""AI proposes, the professional disposes"", explained",ai human accountability,"ai, human, where, does, accountability","human, accountability, assists",Where does accountability sit when AI assists?,standard,Spoke,A-318,ai-proposes-the-professional-disposes-explained,projectcontrolsinstitute.org,[DEEP URL PENDING],"pillar:A-318; cluster:AI, data, analytics, automation and responsible use; money:/certifications",Authoritative AI-governance sources,none,1200-1800,Explore the certifications,Article,social-core,"Brief: ""ai proposes, the professional disposes"", explained",none,Unassigned,,,
A-320,Planned,17,Consideration,Informational,Controls and delivery professionals adopting AI,Global,Foundations,AI for cost and schedule forecasting,ai forecasting projects,"ai, forecasting, where, does","forecasting, projects, genuinely, improve, forecasts",Where does AI genuinely improve forecasts?,applied,Spoke,A-318,ai-for-cost-and-schedule-forecasting,projectcontrolsinstitute.org,[DEEP URL PENDING],"pillar:A-318; cluster:AI, data, analytics, automation and responsible use; money:/certifications",Authoritative AI-governance sources,none,1200-1800,Practise it in the labs,Article,social-core,Brief: ai for cost and schedule forecasting,none,Unassigned,,,
A-321,Planned,17,Consideration,Informational,Controls and delivery professionals adopting AI,Global,Foundations,AI for risk identification,ai risk identification,"ai, risk, can, surface","risk, identification, surface, risks, people, miss",Can AI surface risks people miss?,applied,Spoke,A-318,ai-for-risk-identification,projectcontrolsinstitute.org,[DEEP URL PENDING],"pillar:A-318; cluster:AI, data, analytics, automation and responsible use; money:/certifications",Authoritative AI-governance sources,none,1200-1800,Practise it in the labs,Article,social-core,Brief: ai for risk identification,none,Unassigned,,,
A-322,Planned,17,Consideration,Informational,Controls and delivery professionals adopting AI,Global,Foundations,AI for schedule analysis,ai schedule analysis,"ai, schedule, what, can","schedule, analysis, check",What can AI check in a schedule?,applied,Spoke,A-318,ai-for-schedule-analysis,projectcontrolsinstitute.org,[DEEP URL PENDING],"pillar:A-318; cluster:AI, data, analytics, automation and responsible use; money:/certifications",Authoritative AI-governance sources,none,1200-1800,Practise it in the labs,Article,social-core,Brief: ai for schedule analysis,none,Unassigned,,,
A-323,Planned,17,Consideration,Informational,Controls and delivery professionals adopting AI,Global,Foundations,AI for reporting and narrative,ai project reporting,"ai, project, where, does","project, reporting, help, write, report",Where does AI help write the report?,applied,Spoke,A-318,ai-for-reporting-and-narrative,projectcontrolsinstitute.org,[DEEP URL PENDING],"pillar:A-318; cluster:AI, data, analytics, automation and responsible use; money:/certifications",Authoritative AI-governance sources,none,1200-1800,Practise it in the labs,Article,social-core,Brief: ai for reporting and narrative,none,Unassigned,,,
A-324,Planned,17,Consideration,Informational,Controls and delivery professionals adopting AI,Global,Foundations,The data foundations AI needs,project data foundations,"project, data, why, does, ai","project, data, foundations, fail, poor",Why does AI fail on poor project data?,standard,Spoke,A-318,the-data-foundations-ai-needs,projectcontrolsinstitute.org,[DEEP URL PENDING],"pillar:A-318; cluster:AI, data, analytics, automation and responsible use; money:/certifications",Authoritative AI-governance sources,none,1200-1800,Explore the certifications,Article,social-core,Brief: the data foundations ai needs,none,Unassigned,,,
A-325,Planned,17,Consideration,Informational,Controls and delivery professionals adopting AI,Global,Foundations,Prompt discipline for project professionals,prompt engineering project management,"prompt, engineering, how, do, you","prompt, engineering, project, management, analysis, defend",How do you ask for analysis you can defend?,asset,Spoke,A-318,prompt-discipline-for-project-professionals,projectcontrolsinstitute.org,[DEEP URL PENDING],"pillar:A-318; cluster:AI, data, analytics, automation and responsible use; money:/certifications",Authoritative AI-governance sources,none,1400-2000,Explore the certifications,Article+BreadcrumbList,full,Brief: prompt discipline for project professionals,none,Unassigned,,,
A-326,Planned,17,Consideration,Informational,Controls and delivery professionals adopting AI,Global,Foundations,Validating an AI output before you sign it,validate ai output,"validate, ai, how, do, you","validate, output, check, model, produced",How do you check what the model produced?,applied,Spoke,A-318,validating-an-ai-output-before-you-sign-it,projectcontrolsinstitute.org,[DEEP URL PENDING],"pillar:A-318; cluster:AI, data, analytics, automation and responsible use; money:/certifications",Authoritative AI-governance sources,none,1200-1800,Practise it in the labs,Article,social-core,Brief: validating an ai output before you sign it,none,Unassigned,,,
A-327,Planned,17,Consideration,Informational,Controls and delivery professionals adopting AI,Global,Foundations,Explainability in project decisions,explainable ai projects,"explainable, ai, how, do, you","explainable, projects, show, number",How do you show why the number is the number?,standard,Spoke,A-318,explainability-in-project-decisions,projectcontrolsinstitute.org,[DEEP URL PENDING],"pillar:A-318; cluster:AI, data, analytics, automation and responsible use; money:/certifications",Authoritative AI-governance sources,none,1200-1800,Explore the certifications,Article,social-core,Brief: explainability in project decisions,none,Unassigned,,,
A-328,Planned,17,Decision,Informational,Controls and delivery professionals adopting AI,Global,Foundations,Writing an AI-use policy for a project team,ai use policy,"ai, use, what, belongs, in","policy, belongs, team",What belongs in a team AI policy?,asset,Spoke,A-318,writing-an-ai-use-policy-for-a-project-team,projectcontrolsinstitute.org,[DEEP URL PENDING],"pillar:A-318; cluster:AI, data, analytics, automation and responsible use; money:/certifications",Authoritative AI-governance sources,none,1400-2000,Explore the certifications,Article+BreadcrumbList,full,Brief: writing an ai-use policy for a project team,none,Unassigned,,,
A-329,Planned,17,Consideration,Informational,Controls and delivery professionals adopting AI,Global,Foundations,AI ethics on delivery programmes,ai ethics projects,"ai, ethics, what, ethical, lines","ethics, projects, ethical, lines, apply, project",What ethical lines apply to project AI?,standard,Spoke,A-318,ai-ethics-on-delivery-programmes,projectcontrolsinstitute.org,[DEEP URL PENDING],"pillar:A-318; cluster:AI, data, analytics, automation and responsible use; money:/certifications",Authoritative AI-governance sources,none,1200-1800,Explore the certifications,Article,social-core,Brief: ai ethics on delivery programmes,none,Unassigned,,,
A-330,Planned,17,Consideration,Informational,Controls and delivery professionals adopting AI,Global,Foundations,"AI, confidentiality and client data",ai data privacy projects,"ai, data, what, must, never","data, privacy, projects, must, never, prompt",What must never go into a prompt?,trust,Spoke,A-318,ai-confidentiality-and-client-data,projectcontrolsinstitute.org,[DEEP URL PENDING],"pillar:A-318; cluster:AI, data, analytics, automation and responsible use; money:/certifications",Authoritative AI-governance sources,none,1200-1800,Read the policies,Article,social-core,"Brief: ai, confidentiality and client data",none,Unassigned,,,
A-331,Planned,17,Consideration,Comparison,Controls and delivery professionals adopting AI,Global,Foundations,Automation versus augmentation,automation vs augmentation,"automation, vs, which, tasks, should","automation, augmentation, tasks, automated",Which tasks should be automated at all?,comparison,Spoke,A-318,automation-versus-augmentation,projectcontrolsinstitute.org,[DEEP URL PENDING],"pillar:A-318; cluster:AI, data, analytics, automation and responsible use; money:/certifications",Authoritative AI-governance sources,none,1600-2400,Decide with the guide,Article,full,Brief: automation versus augmentation,[COMPETITOR FACTS PENDING],Unassigned,,,
A-332,Planned,17,Consideration,Informational,Controls and delivery professionals adopting AI,Global,Foundations,How AI fails on projects,ai failures projects,"ai, failures, what, are, the","failures, projects, common, failure, modes",What are the common failure modes?,faq,Spoke,A-318,how-ai-fails-on-projects,projectcontrolsinstitute.org,[DEEP URL PENDING],"pillar:A-318; cluster:AI, data, analytics, automation and responsible use; money:/certifications",Authoritative AI-governance sources,none,1100-1500,Explore the certifications,Article+FAQPage,social-core,Brief: how ai fails on projects,none,Unassigned,,,
A-333,Planned,17,Decision,Comparison,Controls and delivery professionals adopting AI,Global,Foundations,Choosing AI tools for a controls team,ai tool selection,"ai, tool, how, do, you","tool, selection, evaluate, project",How do you evaluate a project AI tool?,comparison,Spoke,A-318,choosing-ai-tools-for-a-controls-team,projectcontrolsinstitute.org,[DEEP URL PENDING],"pillar:A-318; cluster:AI, data, analytics, automation and responsible use; money:/certifications",Authoritative AI-governance sources,none,1600-2400,Decide with the guide,Article,full,Brief: choosing ai tools for a controls team,[COMPETITOR FACTS PENDING],Unassigned,,,
A-334,Planned,17,Consideration,Informational,Controls and delivery professionals adopting AI,Global,Foundations,Building an AI-ready project data model,ai ready data model,"ai, ready, what, structure, does","ready, data, model, structure",What structure does the data need?,applied,Spoke,A-318,building-an-ai-ready-project-data-model,projectcontrolsinstitute.org,[DEEP URL PENDING],"pillar:A-318; cluster:AI, data, analytics, automation and responsible use; money:/certifications",Authoritative AI-governance sources,none,1200-1800,Practise it in the labs,Article,social-core,Brief: building an ai-ready project data model,none,Unassigned,,,
A-335,Planned,17,Decision,Informational,Controls and delivery professionals adopting AI,Global,Foundations,Raising AI literacy across a controls team,ai literacy training,"ai, literacy, how, do, you","literacy, training, upskill, whole, team",How do you upskill a whole team?,career,Spoke,A-318,raising-ai-literacy-across-a-controls-team,projectcontrolsinstitute.org,[DEEP URL PENDING],"pillar:A-318; cluster:AI, data, analytics, automation and responsible use; money:/certifications",Authoritative AI-governance sources,none,1200-1800,Map your pathway,Article,social-core,Brief: raising ai literacy across a controls team,none,Unassigned,,,
A-336,Planned,17,Consideration,Informational,Controls and delivery professionals adopting AI,Global,Foundations,Audit trails for AI-assisted decisions,ai audit trail,"ai, audit, what, record, proves","audit, trail, record, proves, decision, made",What record proves how a decision was made?,trust,Spoke,A-318,audit-trails-for-ai-assisted-decisions,projectcontrolsinstitute.org,[DEEP URL PENDING],"pillar:A-318; cluster:AI, data, analytics, automation and responsible use; money:/certifications",Authoritative AI-governance sources,none,1200-1800,Read the policies,Article,social-core,Brief: audit trails for ai-assisted decisions,none,Unassigned,,,
A-337,Planned,17,Decision,Informational,Controls and delivery professionals adopting AI,Global,Foundations,A responsible-AI checklist for project work,responsible ai checklist,"responsible, ai, what, do, you","responsible, checklist, check, before, relying, output",What do you check before relying on AI output?,asset,Spoke,A-318,a-responsible-ai-checklist-for-project-work,projectcontrolsinstitute.org,[DEEP URL PENDING],"pillar:A-318; cluster:AI, data, analytics, automation and responsible use; money:/certifications",Authoritative AI-governance sources,none,1400-2000,Explore the certifications,Article+BreadcrumbList,full,Brief: a responsible-ai checklist for project work,none,Unassigned,,,
A-338,Planned,18,Consideration,Informational,Reporting and PMO professionals,Global,Foundations,Dashboard design principles for projects,project dashboard design,"project, dashboard, what, makes, a","project, dashboard, design, makes, decision, useful",What makes a dashboard decision-useful?,asset,Pillar,New pillar page,dashboard-design-principles-for-projects,projectcontrolsinstitute.org,[DEEP URL PENDING],"pillar:self; cluster:Dashboards, reporting and decision support; money:/certifications",Authoritative practice sources,none,1400-2000,Explore the certifications,Article+BreadcrumbList,full,Brief: dashboard design principles for projects,none,Unassigned,,,
A-339,Planned,18,Consideration,Informational,Reporting and PMO professionals,Global,Foundations,Choosing KPIs that change behaviour,project kpis,"project, kpis, which, measures, actually","project, kpis, measures, drive, action",Which measures actually drive action?,standard,Spoke,A-338,choosing-kpis-that-change-behaviour,projectcontrolsinstitute.org,[DEEP URL PENDING],"pillar:A-338; cluster:Dashboards, reporting and decision support; money:/certifications",Authoritative practice sources,none,1200-1800,Explore the certifications,Article,social-core,Brief: choosing kpis that change behaviour,none,Unassigned,,,
A-340,Planned,18,Consideration,Informational,Reporting and PMO professionals,Global,Foundations,Reporting cadence and audience,project reporting frequency,"project, reporting, who, needs, what,","project, reporting, frequency, needs, often","Who needs what, how often?",standard,Spoke,A-338,reporting-cadence-and-audience,projectcontrolsinstitute.org,[DEEP URL PENDING],"pillar:A-338; cluster:Dashboards, reporting and decision support; money:/certifications",Authoritative practice sources,none,1200-1800,Explore the certifications,Article,social-core,Brief: reporting cadence and audience,none,Unassigned,,,
A-341,Planned,18,Consideration,Informational,Reporting and PMO professionals,Global,Foundations,Executive reporting on complex projects,executive project report,"executive, project, how, do, you","executive, project, report, brief, busy, honestly",How do you brief a busy executive honestly?,asset,Spoke,A-338,executive-reporting-on-complex-projects,projectcontrolsinstitute.org,[DEEP URL PENDING],"pillar:A-338; cluster:Dashboards, reporting and decision support; money:/certifications",Authoritative practice sources,none,1400-2000,Explore the certifications,Article+BreadcrumbList,full,Brief: executive reporting on complex projects,none,Unassigned,,,
A-342,Planned,18,Consideration,Informational,Reporting and PMO professionals,Global,Foundations,Data visualisation for project data,project data visualisation,"project, data, which, chart, for","project, data, visualisation, chart, question",Which chart for which project question?,applied,Spoke,A-338,data-visualisation-for-project-data,projectcontrolsinstitute.org,[DEEP URL PENDING],"pillar:A-338; cluster:Dashboards, reporting and decision support; money:/certifications",Authoritative practice sources,none,1200-1800,Practise it in the labs,Article,social-core,Brief: data visualisation for project data,none,Unassigned,,,
A-343,Planned,18,Decision,Informational,Reporting and PMO professionals,Global,Foundations,Power BI for project controls,power bi project controls,"power, bi, how, do, you","power, project, controls, build, model",How do you build a controls model in Power BI?,applied,Spoke,A-338,power-bi-for-project-controls,projectcontrolsinstitute.org,[DEEP URL PENDING],"pillar:A-338; cluster:Dashboards, reporting and decision support; money:/certifications",Authoritative practice sources,none,1200-1800,Practise it in the labs,Article,social-core,Brief: power bi for project controls,none,Unassigned,,,
A-344,Planned,18,Decision,Informational,Reporting and PMO professionals,Global,Foundations,Excel dashboards that do not break,excel project dashboard,"excel, project, how, do, you","excel, project, dashboard, build, maintainable",How do you build a maintainable Excel dashboard?,applied,Spoke,A-338,excel-dashboards-that-do-not-break,projectcontrolsinstitute.org,[DEEP URL PENDING],"pillar:A-338; cluster:Dashboards, reporting and decision support; money:/certifications",Authoritative practice sources,none,1200-1800,Practise it in the labs,Article,social-core,Brief: excel dashboards that do not break,none,Unassigned,,,
A-345,Planned,18,Decision,Informational,Reporting and PMO professionals,Global,Foundations,Automating the monthly report,automate project reporting,"automate, project, what, can, be","automate, project, reporting, automated, safely",What can be automated safely?,applied,Spoke,A-338,automating-the-monthly-report,projectcontrolsinstitute.org,[DEEP URL PENDING],"pillar:A-338; cluster:Dashboards, reporting and decision support; money:/certifications",Authoritative practice sources,none,1200-1800,Practise it in the labs,Article,social-core,Brief: automating the monthly report,none,Unassigned,,,
A-346,Planned,18,Consideration,Informational,Reporting and PMO professionals,Global,Foundations,"One source of truth, in practice",single source of truth project,"single, source, how, do, you","single, source, truth, project, stop, competing, numbers",How do you stop competing numbers?,standard,Spoke,A-338,one-source-of-truth-in-practice,projectcontrolsinstitute.org,[DEEP URL PENDING],"pillar:A-338; cluster:Dashboards, reporting and decision support; money:/certifications",Authoritative practice sources,none,1200-1800,Explore the certifications,Article,social-core,"Brief: one source of truth, in practice",none,Unassigned,,,
A-347,Planned,18,Consideration,Informational,Reporting and PMO professionals,Global,Foundations,Designing drill-down that answers the next question,dashboard drill down,"dashboard, drill, how, deep, should","dashboard, drill, down, deep",How deep should a dashboard go?,applied,Spoke,A-338,designing-drill-down-that-answers-the-next-question,projectcontrolsinstitute.org,[DEEP URL PENDING],"pillar:A-338; cluster:Dashboards, reporting and decision support; money:/certifications",Authoritative practice sources,none,1200-1800,Practise it in the labs,Article,social-core,Brief: designing drill-down that answers the next question,none,Unassigned,,,
A-348,Planned,18,Consideration,Informational,Reporting and PMO professionals,Global,Foundations,Narrative and numbers together,project report narrative,"project, report, how, much, prose","project, report, narrative, prose",How much prose does a report need?,asset,Spoke,A-338,narrative-and-numbers-together,projectcontrolsinstitute.org,[DEEP URL PENDING],"pillar:A-338; cluster:Dashboards, reporting and decision support; money:/certifications",Authoritative practice sources,none,1400-2000,Explore the certifications,Article+BreadcrumbList,full,Brief: narrative and numbers together,none,Unassigned,,,
A-349,Planned,18,Consideration,Informational,Reporting and PMO professionals,Global,Foundations,Why traffic lights hide problems,rag status reporting,"rag, status, what, is, wrong","status, reporting, wrong, amber, green",What is wrong with red-amber-green?,faq,Spoke,A-338,why-traffic-lights-hide-problems,projectcontrolsinstitute.org,[DEEP URL PENDING],"pillar:A-338; cluster:Dashboards, reporting and decision support; money:/certifications",Authoritative practice sources,none,1100-1500,Explore the certifications,Article+FAQPage,social-core,Brief: why traffic lights hide problems,none,Unassigned,,,
A-350,Planned,18,Consideration,Informational,Reporting and PMO professionals,Global,Foundations,Presenting a forecast people will act on,presenting project forecast,"presenting, project, how, do, you","presenting, project, forecast, present, uncertainty",How do you present uncertainty?,applied,Spoke,A-338,presenting-a-forecast-people-will-act-on,projectcontrolsinstitute.org,[DEEP URL PENDING],"pillar:A-338; cluster:Dashboards, reporting and decision support; money:/certifications",Authoritative practice sources,none,1200-1800,Practise it in the labs,Article,social-core,Brief: presenting a forecast people will act on,none,Unassigned,,,
A-351,Planned,18,Consideration,Informational,Reporting and PMO professionals,Global,Foundations,Portfolio dashboards for many projects,portfolio dashboard,"portfolio, dashboard, how, does, reporting","portfolio, dashboard, reporting, change, level",How does reporting change at portfolio level?,applied,Spoke,A-338,portfolio-dashboards-for-many-projects,projectcontrolsinstitute.org,[DEEP URL PENDING],"pillar:A-338; cluster:Dashboards, reporting and decision support; money:/certifications",Authoritative practice sources,none,1200-1800,Practise it in the labs,Article,social-core,Brief: portfolio dashboards for many projects,none,Unassigned,,,
A-352,Planned,18,Consideration,Informational,Reporting and PMO professionals,Global,Foundations,Accessible reporting,accessible dashboard design,"accessible, dashboard, how, do, you","accessible, dashboard, design, make, reports, readable, everyone",How do you make reports readable for everyone?,standard,Spoke,A-338,accessible-reporting,projectcontrolsinstitute.org,[DEEP URL PENDING],"pillar:A-338; cluster:Dashboards, reporting and decision support; money:/certifications",Authoritative practice sources,none,1200-1800,Explore the certifications,Article,social-core,Brief: accessible reporting,none,Unassigned,,,
A-353,Planned,18,Consideration,Informational,Reporting and PMO professionals,Global,Foundations,From dashboard to decision support,decision support system projects,"decision, support, when, does, reporting","decision, support, system, projects, reporting, become",When does reporting become decision support?,standard,Spoke,A-338,from-dashboard-to-decision-support,projectcontrolsinstitute.org,[DEEP URL PENDING],"pillar:A-338; cluster:Dashboards, reporting and decision support; money:/certifications",Authoritative practice sources,none,1200-1800,Explore the certifications,Article,social-core,Brief: from dashboard to decision support,none,Unassigned,,,
A-354,Planned,19,Consideration,Informational,Practitioners working to standards and contracts,Global,Foundations,Recommended practices in cost engineering: an orientation,aace recommended practices,"aace, recommended, what, are","aace, recommended, practices, used",What are recommended practices and how are they used?,standard,Pillar,New pillar page,recommended-practices-in-cost-engineering-an-orientation,projectcontrolsinstitute.org,[DEEP URL PENDING],pillar:self; cluster:Standards and contracts; money:/certifications,Issuing bodies' official publications,none,1200-1800,Explore the certifications,Article,full,Brief: recommended practices in cost engineering: an orientation,[STANDARD SOURCE REQUIRED],Unassigned,,,
A-355,Planned,19,Consideration,Informational,Practitioners working to standards and contracts,Global,Foundations,Estimate classification systems,estimate classification system,"estimate, classification, how, do","estimate, classification, system, systems, define, accuracy",How do classification systems define accuracy?,standard,Spoke,A-354,estimate-classification-systems,projectcontrolsinstitute.org,[DEEP URL PENDING],pillar:A-354; cluster:Standards and contracts; money:/certifications,Issuing bodies' official publications,none,1200-1800,Explore the certifications,Article,social-core,Brief: estimate classification systems,[STANDARD SOURCE REQUIRED],Unassigned,,,
A-356,Planned,19,Consideration,Informational,Practitioners working to standards and contracts,Global,Foundations,Earned value system guidelines,evms 748 guidelines,"evms, 748, what, do, evm","evms, guidelines, system, require",What do EVM system guidelines require?,standard,Spoke,A-354,earned-value-system-guidelines,projectcontrolsinstitute.org,[DEEP URL PENDING],pillar:A-354; cluster:Standards and contracts; money:/certifications,Issuing bodies' official publications,none,1200-1800,Explore the certifications,Article,social-core,Brief: earned value system guidelines,[STANDARD SOURCE REQUIRED],Unassigned,,,
A-357,Planned,19,Consideration,Informational,Practitioners working to standards and contracts,Global,Foundations,NEC contracts and project controls,nec contract project controls,"nec, contract, what, does","contract, project, controls, demand",What does NEC demand of controls?,standard,Spoke,A-354,nec-contracts-and-project-controls,projectcontrolsinstitute.org,[DEEP URL PENDING],pillar:A-354; cluster:Standards and contracts; money:/certifications,Issuing bodies' official publications,none,1200-1800,Explore the certifications,Article,social-core,Brief: nec contracts and project controls,[STANDARD SOURCE REQUIRED],Unassigned,,,
A-358,Planned,19,Consideration,Informational,Practitioners working to standards and contracts,Global,Foundations,FIDIC contracts and project controls,fidic project controls,"fidic, project, what, does","fidic, project, controls, demand",What does FIDIC demand of controls?,standard,Spoke,A-354,fidic-contracts-and-project-controls,projectcontrolsinstitute.org,[DEEP URL PENDING],pillar:A-354; cluster:Standards and contracts; money:/certifications,Issuing bodies' official publications,none,1200-1800,Explore the certifications,Article,social-core,Brief: fidic contracts and project controls,[STANDARD SOURCE REQUIRED],Unassigned,,,
A-359,Planned,19,Consideration,Comparison,Practitioners working to standards and contracts,Global,Foundations,Contract types and their controls consequences,contract types projects,"contract, types, how, does","contract, types, projects, form, change, controls",How does contract form change controls?,comparison,Spoke,A-354,contract-types-and-their-controls-consequences,projectcontrolsinstitute.org,[DEEP URL PENDING],pillar:A-354; cluster:Standards and contracts; money:/certifications,Issuing bodies' official publications,none,1600-2400,Decide with the guide,Article,full,Brief: contract types and their controls consequences,[STANDARD SOURCE REQUIRED]; [COMPETITOR FACTS PENDING],Unassigned,,,
A-360,Planned,19,Consideration,Informational,Practitioners working to standards and contracts,Global,Foundations,Claims: the controls evidence that decides them,construction claims evidence,"construction, claims, what, records, win","construction, claims, evidence, records, lose, claim",What records win or lose a claim?,applied,Spoke,A-354,claims-the-controls-evidence-that-decides-them,projectcontrolsinstitute.org,[DEEP URL PENDING],pillar:A-354; cluster:Standards and contracts; money:/certifications,Issuing bodies' official publications,none,1200-1800,Practise it in the labs,Article,social-core,Brief: claims: the controls evidence that decides them,[STANDARD SOURCE REQUIRED],Unassigned,,,
A-361,Planned,19,Consideration,Informational,Practitioners working to standards and contracts,Global,Foundations,ISO standards relevant to project delivery,iso project management standards,"iso, project, which, standards","project, management, standards, touch, work",Which ISO standards touch project work?,standard,Spoke,A-354,iso-standards-relevant-to-project-delivery,projectcontrolsinstitute.org,[DEEP URL PENDING],pillar:A-354; cluster:Standards and contracts; money:/certifications,Issuing bodies' official publications,none,1200-1800,Explore the certifications,Article,social-core,Brief: iso standards relevant to project delivery,[STANDARD SOURCE REQUIRED],Unassigned,,,
A-362,Planned,19,Awareness,Informational,Practitioners working to standards and contracts,Global,Foundations,"Standards, guidance and recommended practice",standard vs guidance,"standard, vs, what, is, the","standard, guidance, difference, authority",What is the difference in authority?,comparison,Spoke,A-354,standards-guidance-and-recommended-practice,projectcontrolsinstitute.org,[DEEP URL PENDING],pillar:A-354; cluster:Standards and contracts; money:/certifications,Issuing bodies' official publications,none,1600-2400,Decide with the guide,Article,full,"Brief: standards, guidance and recommended practice",[STANDARD SOURCE REQUIRED]; [COMPETITOR FACTS PENDING],Unassigned,,,
A-363,Planned,19,Consideration,Informational,Practitioners working to standards and contracts,Global,Foundations,Programme and portfolio standards,programme management standards,"programme, management, how, do, standards","programme, management, standards, scale, above, project",How do standards scale above the project?,standard,Spoke,A-354,programme-and-portfolio-standards,projectcontrolsinstitute.org,[DEEP URL PENDING],pillar:A-354; cluster:Standards and contracts; money:/certifications,Issuing bodies' official publications,none,1200-1800,Explore the certifications,Article,social-core,Brief: programme and portfolio standards,[STANDARD SOURCE REQUIRED],Unassigned,,,
A-364,Planned,19,Consideration,Informational,Practitioners working to standards and contracts,Global,Foundations,Documentation standards for controls,project documentation standards,"project, documentation, what, must, be","project, documentation, standards, must, documented","What must be documented, and how?",standard,Spoke,A-354,documentation-standards-for-controls,projectcontrolsinstitute.org,[DEEP URL PENDING],pillar:A-354; cluster:Standards and contracts; money:/certifications,Issuing bodies' official publications,none,1200-1800,Explore the certifications,Article,social-core,Brief: documentation standards for controls,[STANDARD SOURCE REQUIRED],Unassigned,,,
A-365,Planned,19,Consideration,Informational,Practitioners working to standards and contracts,Global,Foundations,Records management for disputes,project records management,"project, records, what, do, you","project, records, management, keep, long","What do you keep, and for how long?",applied,Spoke,A-354,records-management-for-disputes,projectcontrolsinstitute.org,[DEEP URL PENDING],pillar:A-354; cluster:Standards and contracts; money:/certifications,Issuing bodies' official publications,none,1200-1800,Practise it in the labs,Article,social-core,Brief: records management for disputes,[STANDARD SOURCE REQUIRED],Unassigned,,,
A-366,Planned,19,Consideration,Informational,Practitioners working to standards and contracts,Global,Foundations,Emerging standards for AI in projects,ai standards projects,"ai, standards, which","standards, projects, becoming, relevant",Which AI standards are becoming relevant?,standard,Spoke,A-354,emerging-standards-for-ai-in-projects,projectcontrolsinstitute.org,[DEEP URL PENDING],pillar:A-354; cluster:Standards and contracts; money:/certifications,Issuing bodies' official publications,none,1200-1800,Explore the certifications,Article,social-core,Brief: emerging standards for ai in projects,[STANDARD SOURCE REQUIRED],Unassigned,,,
A-367,Planned,19,Awareness,Informational,Practitioners working to standards and contracts,Global,Foundations,A map of the standards landscape,project standards landscape,"project, standards, how, do, the","project, standards, landscape, bodies, relate",How do the standards bodies relate?,asset,Spoke,A-354,a-map-of-the-standards-landscape,projectcontrolsinstitute.org,[DEEP URL PENDING],pillar:A-354; cluster:Standards and contracts; money:/certifications,Issuing bodies' official publications,none,1400-2000,Explore the certifications,Article+BreadcrumbList,full,Brief: a map of the standards landscape,[STANDARD SOURCE REQUIRED],Unassigned,,,
A-368,Planned,20,Awareness,Informational,Tool users across controls disciplines,Global,Foundations,Primavera P6 fundamentals,primavera p6 basics,"primavera, p6, what, does","primavera, basics, simpler, tools, cannot",What does P6 do that simpler tools cannot?,applied,Pillar,New pillar page,primavera-p6-fundamentals,projectcontrolsinstitute.org,[DEEP URL PENDING],pillar:self; cluster:Tools; money:/certifications,Vendor official documentation,none,1200-1800,Practise it in the labs,Article,full,Brief: primavera p6 fundamentals,none,Unassigned,,,
A-369,Planned,20,Consideration,Informational,Tool users across controls disciplines,Global,Foundations,Cost in Primavera P6,p6 cost loading,"p6, cost, how, do, you","cost, loading, resource, load",How do you resource- and cost-load in P6?,applied,Spoke,A-368,cost-in-primavera-p6,projectcontrolsinstitute.org,[DEEP URL PENDING],pillar:A-368; cluster:Tools; money:/certifications,Vendor official documentation,none,1200-1800,Practise it in the labs,Article,social-core,Brief: cost in primavera p6,none,Unassigned,,,
A-370,Planned,20,Awareness,Informational,Tool users across controls disciplines,Global,Foundations,Microsoft Project fundamentals,microsoft project basics,"microsoft, project, what, is, ms","microsoft, project, basics, good",What is MS Project good at?,applied,Spoke,A-368,microsoft-project-fundamentals,projectcontrolsinstitute.org,[DEEP URL PENDING],pillar:A-368; cluster:Tools; money:/certifications,Vendor official documentation,none,1200-1800,Practise it in the labs,Article,social-core,Brief: microsoft project fundamentals,none,Unassigned,,,
A-371,Planned,20,Decision,Comparison,Tool users across controls disciplines,Global,Foundations,Primavera P6 versus Microsoft Project,p6 vs microsoft project,"p6, vs, which, scheduling, tool","microsoft, project, scheduling, tool, team, standardise",Which scheduling tool should a team standardise on?,comparison,Spoke,A-368,primavera-p6-versus-microsoft-project,projectcontrolsinstitute.org,[DEEP URL PENDING],pillar:A-368; cluster:Tools; money:/certifications,Vendor official documentation,none,1600-2400,Decide with the guide,Article,full,Brief: primavera p6 versus microsoft project,[COMPETITOR FACTS PENDING],Unassigned,,,
A-372,Planned,20,Decision,Informational,Tool users across controls disciplines,Global,Foundations,Power BI for controls reporting,power bi reporting projects,"power, bi, how, do, you","power, reporting, projects, connect, project, data",How do you connect project data to Power BI?,applied,Spoke,A-368,power-bi-for-controls-reporting,projectcontrolsinstitute.org,[DEEP URL PENDING],pillar:A-368; cluster:Tools; money:/certifications,Vendor official documentation,none,1200-1800,Practise it in the labs,Article,social-core,Brief: power bi for controls reporting,none,Unassigned,,,
A-373,Planned,20,Consideration,Informational,Tool users across controls disciplines,Global,Foundations,The Excel skills a controls professional needs,excel for project controls,"excel, for, which, skills","excel, project, controls, skills, matter, most",Which Excel skills matter most?,asset,Spoke,A-368,the-excel-skills-a-controls-professional-needs,projectcontrolsinstitute.org,[DEEP URL PENDING],pillar:A-368; cluster:Tools; money:/certifications,Vendor official documentation,none,1400-2000,Explore the certifications,Article+BreadcrumbList,full,Brief: the excel skills a controls professional needs,none,Unassigned,,,
A-374,Planned,20,Consideration,Informational,Tool users across controls disciplines,Global,Foundations,Financial modelling in Excel for projects,excel financial model project,"excel, financial, how, do, you","excel, financial, model, project, structure",How do you structure a project model?,applied,Spoke,A-368,financial-modelling-in-excel-for-projects,projectcontrolsinstitute.org,[DEEP URL PENDING],pillar:A-368; cluster:Tools; money:/certifications,Vendor official documentation,none,1200-1800,Practise it in the labs,Article,social-core,Brief: financial modelling in excel for projects,none,Unassigned,,,
A-375,Planned,20,Decision,Comparison,Tool users across controls disciplines,Global,Foundations,Choosing a scheduling tool,scheduling tool selection,"scheduling, tool, how, do, you","scheduling, tool, selection, evaluate, tools",How do you evaluate scheduling tools?,comparison,Spoke,A-368,choosing-a-scheduling-tool,projectcontrolsinstitute.org,[DEEP URL PENDING],pillar:A-368; cluster:Tools; money:/certifications,Vendor official documentation,none,1600-2400,Decide with the guide,Article,full,Brief: choosing a scheduling tool,[COMPETITOR FACTS PENDING],Unassigned,,,
A-376,Planned,20,Decision,Comparison,Tool users across controls disciplines,Global,Foundations,Risk analysis tooling,project risk analysis software,"project, risk, what, should","project, risk, analysis, software, tooling, provide",What should risk tooling provide?,comparison,Spoke,A-368,risk-analysis-tooling,projectcontrolsinstitute.org,[DEEP URL PENDING],pillar:A-368; cluster:Tools; money:/certifications,Vendor official documentation,none,1600-2400,Decide with the guide,Article,full,Brief: risk analysis tooling,[COMPETITOR FACTS PENDING],Unassigned,,,
A-377,Planned,20,Decision,Comparison,Tool users across controls disciplines,Global,Foundations,Cost management tooling,project cost management software,"project, cost, what, should","project, cost, management, software, tooling, provide",What should cost tooling provide?,comparison,Spoke,A-368,cost-management-tooling,projectcontrolsinstitute.org,[DEEP URL PENDING],pillar:A-368; cluster:Tools; money:/certifications,Vendor official documentation,none,1600-2400,Decide with the guide,Article,full,Brief: cost management tooling,[COMPETITOR FACTS PENDING],Unassigned,,,
A-378,Planned,20,Decision,Informational,Tool users across controls disciplines,Global,Foundations,Document control systems,document control system,"document, control, what, does","document, control, system",What does document control need to do?,standard,Spoke,A-368,document-control-systems,projectcontrolsinstitute.org,[DEEP URL PENDING],pillar:A-368; cluster:Tools; money:/certifications,Vendor official documentation,none,1200-1800,Explore the certifications,Article,social-core,Brief: document control systems,none,Unassigned,,,
A-379,Planned,20,Consideration,Informational,Tool users across controls disciplines,Global,Foundations,AI assistants in day-to-day project work,ai assistant project work,"ai, assistant, where, do, assistants","assistant, project, work, assistants, save, real, time",Where do assistants save real time?,applied,Spoke,A-368,ai-assistants-in-day-to-day-project-work,projectcontrolsinstitute.org,[DEEP URL PENDING],pillar:A-368; cluster:Tools; money:/certifications,Vendor official documentation,none,1200-1800,Practise it in the labs,Article,social-core,Brief: ai assistants in day-to-day project work,none,Unassigned,,,
A-380,Planned,20,Decision,Informational,Tool users across controls disciplines,Global,Foundations,Integrating project data across tools,project data integration,"project, data, how, do, you","project, data, integration, move, without, losing, meaning",How do you move data without losing meaning?,applied,Spoke,A-368,integrating-project-data-across-tools,projectcontrolsinstitute.org,[DEEP URL PENDING],pillar:A-368; cluster:Tools; money:/certifications,Vendor official documentation,none,1200-1800,Practise it in the labs,Article,social-core,Brief: integrating project data across tools,none,Unassigned,,,
A-381,Planned,20,Consideration,Informational,Tool users across controls disciplines,Global,Foundations,Tool governance: who changes what,project tool governance,"project, tool, how, do, you","project, tool, governance, stop, sprawl",How do you stop tool sprawl?,standard,Spoke,A-368,tool-governance-who-changes-what,projectcontrolsinstitute.org,[DEEP URL PENDING],pillar:A-368; cluster:Tools; money:/certifications,Vendor official documentation,none,1200-1800,Explore the certifications,Article,social-core,Brief: tool governance: who changes what,none,Unassigned,,,
A-382,Planned,20,Decision,Informational,Tool users across controls disciplines,Global,Foundations,Migrating between project tools,project tool migration,"project, tool, how, do, you","project, tool, migration, migrate, without, losing, history",How do you migrate without losing history?,applied,Spoke,A-368,migrating-between-project-tools,projectcontrolsinstitute.org,[DEEP URL PENDING],pillar:A-368; cluster:Tools; money:/certifications,Vendor official documentation,none,1200-1800,Practise it in the labs,Article,social-core,Brief: migrating between project tools,none,Unassigned,,,
A-383,Planned,20,Consideration,Informational,Tool users across controls disciplines,Global,Foundations,A templates library worth maintaining,project controls templates,"project, controls, which, templates, repay","project, controls, templates, repay, effort",Which templates repay the effort?,asset,Spoke,A-368,a-templates-library-worth-maintaining,projectcontrolsinstitute.org,[DEEP URL PENDING],pillar:A-368; cluster:Tools; money:/certifications,Vendor official documentation,none,1400-2000,Explore the certifications,Article+BreadcrumbList,full,Brief: a templates library worth maintaining,none,Unassigned,,,
A-384,Planned,20,Consideration,Informational,Tool users across controls disciplines,Global,Foundations,Scripting and automation for controls data,automate project data,"automate, project, what, should, be","automate, project, data, scripted",What should be scripted?,applied,Spoke,A-368,scripting-and-automation-for-controls-data,projectcontrolsinstitute.org,[DEEP URL PENDING],pillar:A-368; cluster:Tools; money:/certifications,Vendor official documentation,none,1200-1800,Practise it in the labs,Article,social-core,Brief: scripting and automation for controls data,none,Unassigned,,,
A-385,Planned,20,Consideration,Informational,Tool users across controls disciplines,Global,Foundations,Extracting analysis from a schedule file,schedule data extraction,"schedule, data, how, do, you","schedule, data, extraction, analyse, outside, tool",How do you analyse a schedule outside the tool?,applied,Spoke,A-368,extracting-analysis-from-a-schedule-file,projectcontrolsinstitute.org,[DEEP URL PENDING],pillar:A-368; cluster:Tools; money:/certifications,Vendor official documentation,none,1200-1800,Practise it in the labs,Article,social-core,Brief: extracting analysis from a schedule file,none,Unassigned,,,
A-386,Planned,20,Consideration,Informational,Tool users across controls disciplines,Global,Foundations,Version control for project data,project data version control,"project, data, how, do, you","project, data, version, control, know, file, current",How do you know which file is current?,standard,Spoke,A-368,version-control-for-project-data,projectcontrolsinstitute.org,[DEEP URL PENDING],pillar:A-368; cluster:Tools; money:/certifications,Vendor official documentation,none,1200-1800,Explore the certifications,Article,social-core,Brief: version control for project data,none,Unassigned,,,
A-387,Planned,20,Decision,Commercial,Tool users across controls disciplines,Global,Foundations,The tool skills employers ask for,project controls tool skills,"project, controls, which, tools, appear","project, controls, tool, skills, tools, appear, most, adverts",Which tools appear most in job adverts?,career,Spoke,A-368,the-tool-skills-employers-ask-for,projectcontrolsinstitute.org,[DEEP URL PENDING],pillar:A-368; cluster:Tools; money:/certifications,Vendor official documentation,none,1200-1800,Map your pathway,Article,social-core,Brief: the tool skills employers ask for,none,Unassigned,,,
A-388,Planned,21,Awareness,Commercial,Job seekers and hiring managers,Global,Careers,"The planning engineer role, described honestly",planning engineer role,"planning, engineer, what, does, a","planning, engineer, role",What does a planning engineer do all day?,career,Spoke,A-041,the-planning-engineer-role-described-honestly,projectcontrolsinstitute.org,[DEEP URL PENDING],"pillar:A-041; cluster:Careers by role, seniority and industry; money:/certifications; world:pciworld.org",Role evidence and job-market research,none,1200-1800,Map your pathway,Article,social-core,"Brief: the planning engineer role, described honestly",none,Unassigned,,,
A-389,Planned,21,Awareness,Commercial,Job seekers and hiring managers,Global,Careers,"The scheduler role, described honestly",project scheduler role,"project, scheduler, how, does, scheduling","project, scheduler, role, scheduling, differ, planning",How does scheduling differ from planning?,career,Spoke,A-041,the-scheduler-role-described-honestly,projectcontrolsinstitute.org,[DEEP URL PENDING],"pillar:A-041; cluster:Careers by role, seniority and industry; money:/certifications; world:pciworld.org",Role evidence and job-market research,none,1200-1800,Map your pathway,Article,social-core,"Brief: the scheduler role, described honestly",none,Unassigned,,,
A-390,Planned,21,Awareness,Commercial,Job seekers and hiring managers,Global,Careers,"The cost engineer role, described honestly",cost engineer role,"cost, engineer, what, does, a","cost, engineer, role",What does a cost engineer own?,career,Spoke,A-041,the-cost-engineer-role-described-honestly,projectcontrolsinstitute.org,[DEEP URL PENDING],"pillar:A-041; cluster:Careers by role, seniority and industry; money:/certifications; world:pciworld.org",Role evidence and job-market research,none,1200-1800,Map your pathway,Article,social-core,"Brief: the cost engineer role, described honestly",none,Unassigned,,,
A-391,Planned,21,Awareness,Commercial,Job seekers and hiring managers,Global,Careers,The cost controller role,cost controller role,"cost, controller, how, does, control","cost, controller, role, control, differ, engineering",How does control differ from engineering?,career,Spoke,A-041,the-cost-controller-role,projectcontrolsinstitute.org,[DEEP URL PENDING],"pillar:A-041; cluster:Careers by role, seniority and industry; money:/certifications; world:pciworld.org",Role evidence and job-market research,none,1200-1800,Map your pathway,Article,social-core,Brief: the cost controller role,none,Unassigned,,,
A-392,Planned,21,Awareness,Commercial,Job seekers and hiring managers,Global,Careers,The estimator role,estimator role,"estimator, role, what, does, an","estimator, role, produce",What does an estimator produce?,career,Spoke,A-041,the-estimator-role,projectcontrolsinstitute.org,[DEEP URL PENDING],"pillar:A-041; cluster:Careers by role, seniority and industry; money:/certifications; world:pciworld.org",Role evidence and job-market research,none,1200-1800,Map your pathway,Article,social-core,Brief: the estimator role,none,Unassigned,,,
A-393,Planned,21,Awareness,Commercial,Job seekers and hiring managers,Global,Careers,The earned value analyst role,evm analyst role,"evm, analyst, what, does, an","analyst, role",What does an EVM analyst do?,career,Spoke,A-041,the-earned-value-analyst-role,projectcontrolsinstitute.org,[DEEP URL PENDING],"pillar:A-041; cluster:Careers by role, seniority and industry; money:/certifications; world:pciworld.org",Role evidence and job-market research,none,1200-1800,Map your pathway,Article,social-core,Brief: the earned value analyst role,none,Unassigned,,,
A-394,Planned,21,Awareness,Commercial,Job seekers and hiring managers,Global,Careers,The risk analyst role,project risk analyst role,"project, risk, what, does, a","project, risk, analyst, role, produce",What does a risk analyst produce?,career,Spoke,A-041,the-risk-analyst-role,projectcontrolsinstitute.org,[DEEP URL PENDING],"pillar:A-041; cluster:Careers by role, seniority and industry; money:/certifications; world:pciworld.org",Role evidence and job-market research,none,1200-1800,Map your pathway,Article,social-core,Brief: the risk analyst role,none,Unassigned,,,
A-395,Planned,21,Awareness,Commercial,Job seekers and hiring managers,Global,Careers,The project accountant role,project accountant role,"project, accountant, where, does","project, accountant, role, accounting",Where does project accounting sit?,career,Spoke,A-041,the-project-accountant-role,projectcontrolsinstitute.org,[DEEP URL PENDING],"pillar:A-041; cluster:Careers by role, seniority and industry; money:/certifications; world:pciworld.org",Role evidence and job-market research,none,1200-1800,Map your pathway,Article,social-core,Brief: the project accountant role,none,Unassigned,,,
A-396,Planned,21,Awareness,Commercial,Job seekers and hiring managers,Global,Careers,The PMO analyst role,pmo analyst role,"pmo, analyst, what, does, a","analyst, role, deliver",What does a PMO analyst actually deliver?,career,Spoke,A-041,the-pmo-analyst-role,projectcontrolsinstitute.org,[DEEP URL PENDING],"pillar:A-041; cluster:Careers by role, seniority and industry; money:/certifications; world:pciworld.org",Role evidence and job-market research,none,1200-1800,Map your pathway,Article,social-core,Brief: the pmo analyst role,none,Unassigned,,,
A-397,Planned,21,Consideration,Commercial,Job seekers and hiring managers,Global,Careers,The PMO manager role,pmo manager role,"pmo, manager, what, changes, at","manager, role, changes, management, level",What changes at PMO management level?,career,Spoke,A-041,the-pmo-manager-role,projectcontrolsinstitute.org,[DEEP URL PENDING],"pillar:A-041; cluster:Careers by role, seniority and industry; money:/certifications; world:pciworld.org",Role evidence and job-market research,none,1200-1800,Map your pathway,Article,social-core,Brief: the pmo manager role,none,Unassigned,,,
A-398,Planned,21,Consideration,Commercial,Job seekers and hiring managers,Global,Careers,The project controls manager role,project controls manager role,"project, controls, what, does, the","project, controls, manager, role, analyst",What does the manager own that the analyst does not?,career,Spoke,A-041,the-project-controls-manager-role,projectcontrolsinstitute.org,[DEEP URL PENDING],"pillar:A-041; cluster:Careers by role, seniority and industry; money:/certifications; world:pciworld.org",Role evidence and job-market research,none,1200-1800,Map your pathway,Article,social-core,Brief: the project controls manager role,none,Unassigned,,,
A-399,Planned,21,Consideration,Commercial,Job seekers and hiring managers,Global,Careers,The project controls director role,project controls director role,"project, controls, what, does, leadership","project, controls, director, role, leadership, look, like, level",What does leadership look like at director level?,career,Spoke,A-041,the-project-controls-director-role,projectcontrolsinstitute.org,[DEEP URL PENDING],"pillar:A-041; cluster:Careers by role, seniority and industry; money:/certifications; world:pciworld.org",Role evidence and job-market research,none,1200-1800,Map your pathway,Article,social-core,Brief: the project controls director role,none,Unassigned,,,
A-400,Planned,21,Consideration,Commercial,Job seekers and hiring managers,Global,Careers,The commercial manager role,commercial manager role,"commercial, manager, where, do","commercial, manager, role, controls, overlap",Where do commercial and controls overlap?,career,Spoke,A-041,the-commercial-manager-role,projectcontrolsinstitute.org,[DEEP URL PENDING],"pillar:A-041; cluster:Careers by role, seniority and industry; money:/certifications; world:pciworld.org",Role evidence and job-market research,none,1200-1800,Map your pathway,Article,social-core,Brief: the commercial manager role,none,Unassigned,,,
A-401,Planned,21,Awareness,Commercial,Job seekers and hiring managers,Global,Careers,The contracts administrator role,contracts administrator role,"contracts, administrator, what, does, contract","contracts, administrator, role, contract, administration, involve",What does contract administration involve?,career,Spoke,A-041,the-contracts-administrator-role,projectcontrolsinstitute.org,[DEEP URL PENDING],"pillar:A-041; cluster:Careers by role, seniority and industry; money:/certifications; world:pciworld.org",Role evidence and job-market research,none,1200-1800,Map your pathway,Article,social-core,Brief: the contracts administrator role,none,Unassigned,,,
A-402,Planned,21,Awareness,Commercial,Job seekers and hiring managers,Global,Careers,The project data analyst role,project data analyst role,"project, data, what, does","project, data, analyst, role, analysis, controls",What does data analysis add to controls?,career,Spoke,A-041,the-project-data-analyst-role,projectcontrolsinstitute.org,[DEEP URL PENDING],"pillar:A-041; cluster:Careers by role, seniority and industry; money:/certifications; world:pciworld.org",Role evidence and job-market research,none,1200-1800,Map your pathway,Article,social-core,Brief: the project data analyst role,none,Unassigned,,,
A-403,Planned,21,Decision,Informational,Job seekers and hiring managers,Global,Careers,Preparing for a project controls interview,project controls interview questions,"project, controls, what, are, you","project, controls, interview, questions, being, tested",What are you actually being tested on?,asset,Spoke,A-041,preparing-for-a-project-controls-interview,projectcontrolsinstitute.org,[DEEP URL PENDING],"pillar:A-041; cluster:Careers by role, seniority and industry; money:/certifications; world:pciworld.org",Role evidence and job-market research,none,1400-2000,Explore the certifications,Article+BreadcrumbList,full,Brief: preparing for a project controls interview,none,Unassigned,,,
A-404,Planned,21,Decision,Informational,Job seekers and hiring managers,Global,Careers,A CV that shows controls capability,project controls cv,"project, controls, how, do, you","project, controls, evidence, skill, paper",How do you evidence controls skill on paper?,asset,Spoke,A-041,a-cv-that-shows-controls-capability,projectcontrolsinstitute.org,[DEEP URL PENDING],"pillar:A-041; cluster:Careers by role, seniority and industry; money:/certifications; world:pciworld.org",Role evidence and job-market research,none,1400-2000,Explore the certifications,Article+BreadcrumbList,full,Brief: a cv that shows controls capability,none,Unassigned,,,
A-405,Planned,21,Decision,Informational,Job seekers and hiring managers,Global,Careers,"Researching pay for controls roles, properly",project controls salary research,"project, controls, how, do, you","project, controls, salary, research, find, reliable, data, yourself",How do you find reliable pay data yourself?,career,Spoke,A-041,researching-pay-for-controls-roles-properly,projectcontrolsinstitute.org,[DEEP URL PENDING],"pillar:A-041; cluster:Careers by role, seniority and industry; money:/certifications; world:pciworld.org",Role evidence and job-market research,none,1200-1800,Map your pathway,Article,social-core,"Brief: researching pay for controls roles, properly",none,Unassigned,,,
A-406,Planned,21,Decision,Commercial,Job seekers and hiring managers,Global,Careers,Contract and freelance project controls work,freelance project controls,"freelance, project, what, changes, when","freelance, project, controls, changes, contract",What changes when you contract?,career,Spoke,A-041,contract-and-freelance-project-controls-work,projectcontrolsinstitute.org,[DEEP URL PENDING],"pillar:A-041; cluster:Careers by role, seniority and industry; money:/certifications; world:pciworld.org",Role evidence and job-market research,none,1200-1800,Map your pathway,Article,social-core,Brief: contract and freelance project controls work,none,Unassigned,,,
A-407,Planned,22,Decision,Commercial,Job seekers by market,the United Kingdom,Careers,Project controls careers in the United Kingdom,project controls jobs uk,"project, controls, what, does, the","project, controls, jobs, market, look, like",What does the UK market look like?,career,Pillar,New pillar page,project-controls-careers-in-the-united-kingdom,pciworld.org,[DEEP URL PENDING],pillar:self; cluster:Careers by country/region; money:/certifications; world:pciworld.org,Local labour-market evidence,none,1200-1800,Map your pathway,Article,full,Brief: project controls careers in the united kingdom,[LOCAL EVIDENCE REQUIRED],Unassigned,,,
A-408,Planned,22,Decision,Commercial,Job seekers by market,Ireland,Careers,Project controls careers in Ireland,project controls jobs ireland,"project, controls, what, does, the","project, controls, jobs, ireland, irish, market, look, like",What does the Irish market look like?,career,Spoke,A-407,project-controls-careers-in-ireland,pciworld.org,[DEEP URL PENDING],pillar:A-407; cluster:Careers by country/region; money:/certifications; world:pciworld.org,Local labour-market evidence,none,1200-1800,Map your pathway,Article,social-core,Brief: project controls careers in ireland,[LOCAL EVIDENCE REQUIRED],Unassigned,,,
A-409,Planned,22,Decision,Commercial,Job seekers by market,the Netherlands,Careers,Project controls careers in the Netherlands,project controls jobs netherlands,"project, controls, what, does, the","project, controls, jobs, netherlands, dutch, market, look, like",What does the Dutch market look like?,career,Spoke,A-407,project-controls-careers-in-the-netherlands,pciworld.org,[DEEP URL PENDING],pillar:A-407; cluster:Careers by country/region; money:/certifications; world:pciworld.org,Local labour-market evidence,none,1200-1800,Map your pathway,Article,social-core,Brief: project controls careers in the netherlands,[LOCAL EVIDENCE REQUIRED],Unassigned,,,
A-410,Planned,22,Decision,Commercial,Job seekers by market,Germany,Careers,Project controls careers in Germany,project controls jobs germany,"project, controls, what, does, the","project, controls, jobs, germany, german, market, look, like",What does the German market look like?,career,Spoke,A-407,project-controls-careers-in-germany,pciworld.org,[DEEP URL PENDING],pillar:A-407; cluster:Careers by country/region; money:/certifications; world:pciworld.org,Local labour-market evidence,none,1200-1800,Map your pathway,Article,social-core,Brief: project controls careers in germany,[LOCAL EVIDENCE REQUIRED],Unassigned,,,
A-411,Planned,22,Decision,Commercial,Job seekers by market,the Nordics,Careers,Project controls careers in the Nordics,project controls jobs nordics,"project, controls, what, do, the","project, controls, jobs, nordics, nordic, markets, look, like",What do the Nordic markets look like?,career,Spoke,A-407,project-controls-careers-in-the-nordics,pciworld.org,[DEEP URL PENDING],pillar:A-407; cluster:Careers by country/region; money:/certifications; world:pciworld.org,Local labour-market evidence,none,1200-1800,Map your pathway,Article,social-core,Brief: project controls careers in the nordics,[LOCAL EVIDENCE REQUIRED],Unassigned,,,
A-412,Planned,22,Decision,Commercial,Job seekers by market,Poland and CEE,Careers,Project controls careers in Poland and CEE,project controls jobs poland,"project, controls, what, does, the","project, controls, jobs, poland, market, look, like",What does the CEE market look like?,career,Spoke,A-407,project-controls-careers-in-poland-and-cee,pciworld.org,[DEEP URL PENDING],pillar:A-407; cluster:Careers by country/region; money:/certifications; world:pciworld.org,Local labour-market evidence,none,1200-1800,Map your pathway,Article,social-core,Brief: project controls careers in poland and cee,[LOCAL EVIDENCE REQUIRED],Unassigned,,,
A-413,Planned,22,Decision,Commercial,Job seekers by market,the United Arab Emirates,Careers,Project controls careers in the United Arab Emirates,project controls jobs uae,"project, controls, what, does, the","project, controls, jobs, market, look, like",What does the UAE market look like?,career,Spoke,A-407,project-controls-careers-in-the-united-arab-emirates,pciworld.org,[DEEP URL PENDING],pillar:A-407; cluster:Careers by country/region; money:/certifications; world:pciworld.org,Local labour-market evidence,none,1200-1800,Map your pathway,Article,social-core,Brief: project controls careers in the united arab emirates,[LOCAL EVIDENCE REQUIRED],Unassigned,,,
A-414,Planned,22,Decision,Commercial,Job seekers by market,Saudi Arabia,Careers,Project controls careers in Saudi Arabia,project controls jobs saudi arabia,"project, controls, what, does, the","project, controls, jobs, saudi, arabia, market, look, like",What does the Saudi market look like?,career,Spoke,A-407,project-controls-careers-in-saudi-arabia,pciworld.org,[DEEP URL PENDING],pillar:A-407; cluster:Careers by country/region; money:/certifications; world:pciworld.org,Local labour-market evidence,none,1200-1800,Map your pathway,Article,social-core,Brief: project controls careers in saudi arabia,[LOCAL EVIDENCE REQUIRED],Unassigned,,,
A-415,Planned,22,Decision,Commercial,Job seekers by market,Qatar,Careers,Project controls careers in Qatar,project controls jobs qatar,"project, controls, what, does, the","project, controls, jobs, qatar, qatari, market, look, like",What does the Qatari market look like?,career,Spoke,A-407,project-controls-careers-in-qatar,pciworld.org,[DEEP URL PENDING],pillar:A-407; cluster:Careers by country/region; money:/certifications; world:pciworld.org,Local labour-market evidence,none,1200-1800,Map your pathway,Article,social-core,Brief: project controls careers in qatar,[LOCAL EVIDENCE REQUIRED],Unassigned,,,
A-416,Planned,22,Decision,Commercial,Job seekers by market,Oman and the wider Gulf,Careers,Project controls careers in Oman and the wider Gulf,project controls jobs oman,"project, controls, what, does, the","project, controls, jobs, oman, wider, gulf, market, look",What does the wider Gulf market look like?,career,Spoke,A-407,project-controls-careers-in-oman-and-the-wider-gulf,pciworld.org,[DEEP URL PENDING],pillar:A-407; cluster:Careers by country/region; money:/certifications; world:pciworld.org,Local labour-market evidence,none,1200-1800,Map your pathway,Article,social-core,Brief: project controls careers in oman and the wider gulf,[LOCAL EVIDENCE REQUIRED],Unassigned,,,
A-417,Planned,22,Decision,Commercial,Job seekers by market,India,Careers,Project controls careers in India,project controls jobs india,"project, controls, what, does, the","project, controls, jobs, india, indian, market, look, like",What does the Indian market look like?,career,Spoke,A-407,project-controls-careers-in-india,pciworld.org,[DEEP URL PENDING],pillar:A-407; cluster:Careers by country/region; money:/certifications; world:pciworld.org,Local labour-market evidence,none,1200-1800,Map your pathway,Article,social-core,Brief: project controls careers in india,[LOCAL EVIDENCE REQUIRED],Unassigned,,,
A-418,Planned,22,Decision,Commercial,Job seekers by market,Singapore,Careers,Project controls careers in Singapore,project controls jobs singapore,"project, controls, what, does, the","project, controls, jobs, singapore, market, look, like",What does the Singapore market look like?,career,Spoke,A-407,project-controls-careers-in-singapore,pciworld.org,[DEEP URL PENDING],pillar:A-407; cluster:Careers by country/region; money:/certifications; world:pciworld.org,Local labour-market evidence,none,1200-1800,Map your pathway,Article,social-core,Brief: project controls careers in singapore,[LOCAL EVIDENCE REQUIRED],Unassigned,,,
A-419,Planned,22,Decision,Commercial,Job seekers by market,Malaysia,Careers,Project controls careers in Malaysia,project controls jobs malaysia,"project, controls, what, does, the","project, controls, jobs, malaysia, malaysian, market, look, like",What does the Malaysian market look like?,career,Spoke,A-407,project-controls-careers-in-malaysia,pciworld.org,[DEEP URL PENDING],pillar:A-407; cluster:Careers by country/region; money:/certifications; world:pciworld.org,Local labour-market evidence,none,1200-1800,Map your pathway,Article,social-core,Brief: project controls careers in malaysia,[LOCAL EVIDENCE REQUIRED],Unassigned,,,
A-420,Planned,22,Decision,Commercial,Job seekers by market,Australia,Careers,Project controls careers in Australia,project controls jobs australia,"project, controls, what, does, the","project, controls, jobs, australia, australian, market, look, like",What does the Australian market look like?,career,Spoke,A-407,project-controls-careers-in-australia,pciworld.org,[DEEP URL PENDING],pillar:A-407; cluster:Careers by country/region; money:/certifications; world:pciworld.org,Local labour-market evidence,none,1200-1800,Map your pathway,Article,social-core,Brief: project controls careers in australia,[LOCAL EVIDENCE REQUIRED],Unassigned,,,
A-421,Planned,22,Decision,Commercial,Job seekers by market,New Zealand,Careers,Project controls careers in New Zealand,project controls jobs new zealand,"project, controls, what, does, the","project, controls, jobs, zealand, market, look, like",What does the New Zealand market look like?,career,Spoke,A-407,project-controls-careers-in-new-zealand,pciworld.org,[DEEP URL PENDING],pillar:A-407; cluster:Careers by country/region; money:/certifications; world:pciworld.org,Local labour-market evidence,none,1200-1800,Map your pathway,Article,social-core,Brief: project controls careers in new zealand,[LOCAL EVIDENCE REQUIRED],Unassigned,,,
A-422,Planned,22,Decision,Commercial,Job seekers by market,Canada,Careers,Project controls careers in Canada,project controls jobs canada,"project, controls, what, does, the","project, controls, jobs, canada, canadian, market, look, like",What does the Canadian market look like?,career,Spoke,A-407,project-controls-careers-in-canada,pciworld.org,[DEEP URL PENDING],pillar:A-407; cluster:Careers by country/region; money:/certifications; world:pciworld.org,Local labour-market evidence,none,1200-1800,Map your pathway,Article,social-core,Brief: project controls careers in canada,[LOCAL EVIDENCE REQUIRED],Unassigned,,,
A-423,Planned,22,Decision,Commercial,Job seekers by market,the United States,Careers,Project controls careers in the United States,project controls jobs usa,"project, controls, what, does, the","project, controls, jobs, market, look, like",What does the US market look like?,career,Spoke,A-407,project-controls-careers-in-the-united-states,pciworld.org,[DEEP URL PENDING],pillar:A-407; cluster:Careers by country/region; money:/certifications; world:pciworld.org,Local labour-market evidence,none,1200-1800,Map your pathway,Article,social-core,Brief: project controls careers in the united states,[LOCAL EVIDENCE REQUIRED],Unassigned,,,
A-424,Planned,22,Decision,Commercial,Job seekers by market,South Africa,Careers,Project controls careers in South Africa,project controls jobs south africa,"project, controls, what, does, the","project, controls, jobs, south, africa, african, market, look",What does the South African market look like?,career,Spoke,A-407,project-controls-careers-in-south-africa,pciworld.org,[DEEP URL PENDING],pillar:A-407; cluster:Careers by country/region; money:/certifications; world:pciworld.org,Local labour-market evidence,none,1200-1800,Map your pathway,Article,social-core,Brief: project controls careers in south africa,[LOCAL EVIDENCE REQUIRED],Unassigned,,,
A-425,Planned,22,Decision,Commercial,Job seekers by market,Nigeria and West Africa,Careers,Project controls careers in Nigeria and West Africa,project controls jobs nigeria,"project, controls, what, does, the","project, controls, jobs, nigeria, west, african, market, look",What does the West African market look like?,career,Spoke,A-407,project-controls-careers-in-nigeria-and-west-africa,pciworld.org,[DEEP URL PENDING],pillar:A-407; cluster:Careers by country/region; money:/certifications; world:pciworld.org,Local labour-market evidence,none,1200-1800,Map your pathway,Article,social-core,Brief: project controls careers in nigeria and west africa,[LOCAL EVIDENCE REQUIRED],Unassigned,,,
A-426,Planned,22,Decision,Commercial,Job seekers by market,Brazil and Latin America,Careers,Project controls careers in Brazil and Latin America,project controls jobs brazil,"project, controls, what, does, the","project, controls, jobs, brazil, latin, american, market, look",What does the Latin American market look like?,career,Spoke,A-407,project-controls-careers-in-brazil-and-latin-america,pciworld.org,[DEEP URL PENDING],pillar:A-407; cluster:Careers by country/region; money:/certifications; world:pciworld.org,Local labour-market evidence,none,1200-1800,Map your pathway,Article,social-core,Brief: project controls careers in brazil and latin america,[LOCAL EVIDENCE REQUIRED],Unassigned,,,
A-427,Planned,23,Decision,Comparison,Credential shoppers,Global,All certifications,PCI PCL-AI and PMI-SP compared,pcl-ai vs pmi-sp,"pcl-ai, vs, scheduling, specialism, or","scheduling, specialism, controls, breadth",Scheduling specialism or controls breadth?,comparison,Spoke,A-040,pci-pcl-ai-and-pmi-sp-compared,projectcontrolsinstitute.org,[DEEP URL PENDING],pillar:A-040; cluster:PCI-versus-project-management credential comparisons; money:/certifications,Official issuing-body pages,PMI,1600-2400,Decide with the guide,Article,full,Brief: pci pcl-ai and pmi-sp compared,[COMPETITOR FACTS PENDING],Unassigned,,,
A-428,Planned,23,Decision,Comparison,Credential shoppers,Global,All certifications,PCI PCL-AI and PMI-RMP compared,pcl-ai vs pmi-rmp,"pcl-ai, vs, risk, specialism, or","risk, specialism, controls, breadth",Risk specialism or controls breadth?,comparison,Spoke,A-040,pci-pcl-ai-and-pmi-rmp-compared,projectcontrolsinstitute.org,[DEEP URL PENDING],pillar:A-040; cluster:PCI-versus-project-management credential comparisons; money:/certifications,Official issuing-body pages,PMI,1600-2400,Decide with the guide,Article,full,Brief: pci pcl-ai and pmi-rmp compared,[COMPETITOR FACTS PENDING],Unassigned,,,
A-429,Planned,23,Decision,Comparison,Credential shoppers,Global,All certifications,PCI credentials and CAPM compared,pci vs capm,"pci, vs, where, should, an","capm, entry, level, candidate, start",Where should an entry-level candidate start?,comparison,Spoke,A-040,pci-credentials-and-capm-compared,projectcontrolsinstitute.org,[DEEP URL PENDING],pillar:A-040; cluster:PCI-versus-project-management credential comparisons; money:/certifications,Official issuing-body pages,PMI,1600-2400,Decide with the guide,Article,full,Brief: pci credentials and capm compared,[COMPETITOR FACTS PENDING],Unassigned,,,
A-430,Planned,23,Decision,Comparison,Credential shoppers,Global,All certifications,PCI PML-AI and PMP compared,pml-ai vs pmp,"pml-ai, vs, which, leadership, credential","leadership, credential, fits, career",Which leadership credential fits my career?,comparison,Spoke,A-040,pci-pml-ai-and-pmp-compared,projectcontrolsinstitute.org,[DEEP URL PENDING],pillar:A-040; cluster:PCI-versus-project-management credential comparisons; money:/certifications,Official issuing-body pages,PMI,1600-2400,Decide with the guide,Article,full,Brief: pci pml-ai and pmp compared,[COMPETITOR FACTS PENDING],Unassigned,,,
A-431,Planned,23,Decision,Comparison,Credential shoppers,Global,All certifications,PCI PML-AI and PRINCE2 Practitioner compared,pml-ai vs prince2 practitioner,"pml-ai, vs, method, certification, or","prince, practitioner, method, certification, leadership, credential",Method certification or leadership credential?,comparison,Spoke,A-040,pci-pml-ai-and-prince2-practitioner-compared,projectcontrolsinstitute.org,[DEEP URL PENDING],pillar:A-040; cluster:PCI-versus-project-management credential comparisons; money:/certifications,Official issuing-body pages,PeopleCert,1600-2400,Decide with the guide,Article,full,Brief: pci pml-ai and prince2 practitioner compared,[COMPETITOR FACTS PENDING],Unassigned,,,
A-432,Planned,23,Decision,Comparison,Credential shoppers,Global,All certifications,PCI PML-AI and PgMP compared,pml-ai vs pgmp,"pml-ai, vs, programme, scope, or","pgmp, programme, scope, delivery, leadership",Programme scope or delivery leadership?,comparison,Spoke,A-040,pci-pml-ai-and-pgmp-compared,projectcontrolsinstitute.org,[DEEP URL PENDING],pillar:A-040; cluster:PCI-versus-project-management credential comparisons; money:/certifications,Official issuing-body pages,PMI,1600-2400,Decide with the guide,Article,full,Brief: pci pml-ai and pgmp compared,[COMPETITOR FACTS PENDING],Unassigned,,,
A-433,Planned,23,Decision,Comparison,Credential shoppers,Global,All certifications,PCI credentials and MSP compared,pci vs msp,"pci, vs, where, does, programme","programme, method",Where does programme method fit?,comparison,Spoke,A-040,pci-credentials-and-msp-compared,projectcontrolsinstitute.org,[DEEP URL PENDING],pillar:A-040; cluster:PCI-versus-project-management credential comparisons; money:/certifications,Official issuing-body pages,PeopleCert,1600-2400,Decide with the guide,Article,full,Brief: pci credentials and msp compared,[COMPETITOR FACTS PENDING],Unassigned,,,
A-434,Planned,23,Decision,Comparison,Credential shoppers,Global,All certifications,PCI credentials and APM PMQ compared,pci vs apm pmq,"pci, vs, how, do, these","these, qualifications, differ, purpose",How do these qualifications differ in purpose?,comparison,Spoke,A-040,pci-credentials-and-apm-pmq-compared,projectcontrolsinstitute.org,[DEEP URL PENDING],pillar:A-040; cluster:PCI-versus-project-management credential comparisons; money:/certifications,Official issuing-body pages,APM,1600-2400,Decide with the guide,Article,full,Brief: pci credentials and apm pmq compared,[COMPETITOR FACTS PENDING],Unassigned,,,
A-435,Planned,23,Decision,Comparison,Credential shoppers,Global,All certifications,PCI credentials and APM Chartered status compared,pci vs chartered project professional,"pci, vs, credential, or, chartership?","chartered, project, professional, credential, chartership",Credential or chartership?,comparison,Spoke,A-040,pci-credentials-and-apm-chartered-status-compared,projectcontrolsinstitute.org,[DEEP URL PENDING],pillar:A-040; cluster:PCI-versus-project-management credential comparisons; money:/certifications,Official issuing-body pages,APM,1600-2400,Decide with the guide,Article,full,Brief: pci credentials and apm chartered status compared,[COMPETITOR FACTS PENDING],Unassigned,,,
A-436,Planned,23,Decision,Comparison,Credential shoppers,Global,All certifications,PCI PCL-AI and AACE CCP compared,pcl-ai vs ccp,"pcl-ai, vs, cost, professional, depth","cost, professional, depth, integrated, controls",Cost professional depth or integrated controls?,comparison,Spoke,A-040,pci-pcl-ai-and-aace-ccp-compared,projectcontrolsinstitute.org,[DEEP URL PENDING],pillar:A-040; cluster:PCI-versus-project-management credential comparisons; money:/certifications,Official issuing-body pages,AACE International,1600-2400,Decide with the guide,Article,full,Brief: pci pcl-ai and aace ccp compared,[COMPETITOR FACTS PENDING],Unassigned,,,
A-437,Planned,23,Decision,Comparison,Credential shoppers,Global,All certifications,PCI PCL-AI and AACE PSP compared,pcl-ai vs psp,"pcl-ai, vs, scheduling, depth, or","scheduling, depth, integrated, controls",Scheduling depth or integrated controls?,comparison,Spoke,A-040,pci-pcl-ai-and-aace-psp-compared,projectcontrolsinstitute.org,[DEEP URL PENDING],pillar:A-040; cluster:PCI-versus-project-management credential comparisons; money:/certifications,Official issuing-body pages,AACE International,1600-2400,Decide with the guide,Article,full,Brief: pci pcl-ai and aace psp compared,[COMPETITOR FACTS PENDING],Unassigned,,,
A-438,Planned,23,Decision,Comparison,Credential shoppers,Global,All certifications,PCI PCL-AI and AACE EVP compared,pcl-ai vs evp,"pcl-ai, vs, earned, value, specialism","earned, value, specialism, breadth",Earned value specialism or breadth?,comparison,Spoke,A-040,pci-pcl-ai-and-aace-evp-compared,projectcontrolsinstitute.org,[DEEP URL PENDING],pillar:A-040; cluster:PCI-versus-project-management credential comparisons; money:/certifications,Official issuing-body pages,AACE International,1600-2400,Decide with the guide,Article,full,Brief: pci pcl-ai and aace evp compared,[COMPETITOR FACTS PENDING],Unassigned,,,
A-439,Planned,23,Decision,Comparison,Credential shoppers,Global,All certifications,PCI PCL-AI and AACE CEP compared,pcl-ai vs cep,"pcl-ai, vs, estimating, specialism, or","estimating, specialism, breadth",Estimating specialism or breadth?,comparison,Spoke,A-040,pci-pcl-ai-and-aace-cep-compared,projectcontrolsinstitute.org,[DEEP URL PENDING],pillar:A-040; cluster:PCI-versus-project-management credential comparisons; money:/certifications,Official issuing-body pages,AACE International,1600-2400,Decide with the guide,Article,full,Brief: pci pcl-ai and aace cep compared,[COMPETITOR FACTS PENDING],Unassigned,,,
A-440,Planned,23,Decision,Comparison,Credential shoppers,Global,All certifications,PCI PML-AI and Scrum certifications compared,pml-ai vs scrum certification,"pml-ai, vs, agile, role, training","scrum, certification, agile, role, training, delivery, leadership",Agile role training or delivery leadership?,comparison,Spoke,A-040,pci-pml-ai-and-scrum-certifications-compared,projectcontrolsinstitute.org,[DEEP URL PENDING],pillar:A-040; cluster:PCI-versus-project-management credential comparisons; money:/certifications,Official issuing-body pages,Scrum bodies (verify),1600-2400,Decide with the guide,Article,full,Brief: pci pml-ai and scrum certifications compared,[COMPETITOR FACTS PENDING],Unassigned,,,
A-441,Planned,23,Decision,Comparison,Credential shoppers,Global,All certifications,PCI PML-AI and SAFe certifications compared,pml-ai vs safe,"pml-ai, vs, scaled, agile, framework","safe, scaled, agile, framework, leadership, credential",Scaled agile framework or leadership credential?,comparison,Spoke,A-040,pci-pml-ai-and-safe-certifications-compared,projectcontrolsinstitute.org,[DEEP URL PENDING],pillar:A-040; cluster:PCI-versus-project-management credential comparisons; money:/certifications,Official issuing-body pages,"Scaled Agile, Inc.",1600-2400,Decide with the guide,Article,full,Brief: pci pml-ai and safe certifications compared,[COMPETITOR FACTS PENDING],Unassigned,,,
A-442,Planned,23,Decision,Comparison,Credential shoppers,Global,All certifications,PCI credentials and Lean Six Sigma compared,pci vs six sigma,"pci, vs, process, improvement, or","sigma, process, improvement, project, delivery",Process improvement or project delivery?,comparison,Spoke,A-040,pci-credentials-and-lean-six-sigma-compared,projectcontrolsinstitute.org,[DEEP URL PENDING],pillar:A-040; cluster:PCI-versus-project-management credential comparisons; money:/certifications,Official issuing-body pages,Issuing bodies (verify),1600-2400,Decide with the guide,Article,full,Brief: pci credentials and lean six sigma compared,[COMPETITOR FACTS PENDING],Unassigned,,,
A-443,Planned,23,Decision,Comparison,Credential shoppers,Global,All certifications,PCI credentials and ITIL compared,pci vs itil,"pci, vs, service, management, or","itil, service, management, project, delivery",Service management or project delivery?,comparison,Spoke,A-040,pci-credentials-and-itil-compared,projectcontrolsinstitute.org,[DEEP URL PENDING],pillar:A-040; cluster:PCI-versus-project-management credential comparisons; money:/certifications,Official issuing-body pages,PeopleCert,1600-2400,Decide with the guide,Article,full,Brief: pci credentials and itil compared,[COMPETITOR FACTS PENDING],Unassigned,,,
A-444,Planned,23,Decision,Comparison,Credential shoppers,Global,All certifications,PCI credentials and IPMA levels compared,pci vs ipma,"pci, vs, competence, levels, or","ipma, competence, levels, credential, architecture",Competence levels or credential architecture?,comparison,Spoke,A-040,pci-credentials-and-ipma-levels-compared,projectcontrolsinstitute.org,[DEEP URL PENDING],pillar:A-040; cluster:PCI-versus-project-management credential comparisons; money:/certifications,Official issuing-body pages,IPMA,1600-2400,Decide with the guide,Article,full,Brief: pci credentials and ipma levels compared,[COMPETITOR FACTS PENDING],Unassigned,,,
A-445,Planned,23,Decision,Comparison,Credential shoppers,Global,All certifications,"PMP, PRINCE2 and PCI: a three-way orientation",pmp vs prince2 vs pci,"pmp, vs, how, do, the","prince, three, approaches, differ",How do the three approaches differ?,comparison,Spoke,A-040,pmp-prince2-and-pci-a-three-way-orientation,projectcontrolsinstitute.org,[DEEP URL PENDING],pillar:A-040; cluster:PCI-versus-project-management credential comparisons; money:/certifications,Official issuing-body pages,"PMI, PeopleCert",1600-2400,Decide with the guide,Article,full,"Brief: pmp, prince2 and pci: a three-way orientation",[COMPETITOR FACTS PENDING],Unassigned,,,
A-446,Planned,23,Decision,Comparison,Credential shoppers,Global,All certifications,Which project credential for construction delivery,project certification construction,"project, certification, what, suits, construction","project, certification, construction, suits, specifically",What suits construction specifically?,comparison,Spoke,A-040,which-project-credential-for-construction-delivery,projectcontrolsinstitute.org,[DEEP URL PENDING],pillar:A-040; cluster:PCI-versus-project-management credential comparisons; money:/certifications,Official issuing-body pages,none,1600-2400,Decide with the guide,Article,full,Brief: which project credential for construction delivery,[COMPETITOR FACTS PENDING],Unassigned,,,
A-447,Planned,23,Decision,Comparison,Credential shoppers,Global,All certifications,Which project credential for IT and digital delivery,project certification it projects,"project, certification, what, suits, software","project, certification, projects, suits, software, digital, work",What suits software and digital work?,comparison,Spoke,A-040,which-project-credential-for-it-and-digital-delivery,projectcontrolsinstitute.org,[DEEP URL PENDING],pillar:A-040; cluster:PCI-versus-project-management credential comparisons; money:/certifications,Official issuing-body pages,none,1600-2400,Decide with the guide,Article,full,Brief: which project credential for it and digital delivery,[COMPETITOR FACTS PENDING],Unassigned,,,
A-448,Planned,23,Decision,Comparison,Credential shoppers,Global,All certifications,Which project credential for energy and infrastructure,project certification energy,"project, certification, what, suits, capital","project, certification, energy, suits, capital, projects",What suits capital projects?,comparison,Spoke,A-040,which-project-credential-for-energy-and-infrastructure,projectcontrolsinstitute.org,[DEEP URL PENDING],pillar:A-040; cluster:PCI-versus-project-management credential comparisons; money:/certifications,Official issuing-body pages,none,1600-2400,Decide with the guide,Article,full,Brief: which project credential for energy and infrastructure,[COMPETITOR FACTS PENDING],Unassigned,,,
A-449,Planned,23,Decision,Informational,Credential shoppers,Global,All certifications,How employers read project credentials,employers project certifications,"employers, project, how, much, weight","employers, project, certifications, weight, credential, carry, hiring",How much weight does a credential carry in hiring?,comparison,Spoke,A-040,how-employers-read-project-credentials,projectcontrolsinstitute.org,[DEEP URL PENDING],pillar:A-040; cluster:PCI-versus-project-management credential comparisons; money:/certifications,Official issuing-body pages,none,1600-2400,Decide with the guide,Article,full,Brief: how employers read project credentials,[COMPETITOR FACTS PENDING],Unassigned,,,
A-450,Planned,23,Decision,Comparison,Credential shoppers,Global,All certifications,"The true cost of project credentials, compared",project certification cost comparison,"project, certification, what, is, the","project, certification, cost, comparison, total, each, pathway",What is the total cost of each pathway?,comparison,Spoke,A-040,the-true-cost-of-project-credentials-compared,projectcontrolsinstitute.org,[DEEP URL PENDING],pillar:A-040; cluster:PCI-versus-project-management credential comparisons; money:/certifications,Official issuing-body pages,none,1600-2400,Decide with the guide,Article,full,"Brief: the true cost of project credentials, compared",[COMPETITOR FACTS PENDING],Unassigned,,,
A-451,Planned,23,Decision,Comparison,Credential shoppers,Global,All certifications,"Renewal and CPD burden, compared",certification renewal comparison,"certification, renewal, what, does, each","certification, renewal, comparison, each, credential, demand, after, pass",What does each credential demand after you pass?,comparison,Spoke,A-040,renewal-and-cpd-burden-compared,projectcontrolsinstitute.org,[DEEP URL PENDING],pillar:A-040; cluster:PCI-versus-project-management credential comparisons; money:/certifications,Official issuing-body pages,none,1600-2400,Decide with the guide,Article,full,"Brief: renewal and cpd burden, compared",[COMPETITOR FACTS PENDING],Unassigned,,,
A-452,Planned,23,Decision,Comparison,Credential shoppers,Global,All certifications,A decision guide for project credentials,project certification decision guide,"project, certification, which, credential, should","project, certification, decision, guide, credential, choose, given, situation","Which credential should I choose, given my situation?",asset,Spoke,A-040,a-decision-guide-for-project-credentials,projectcontrolsinstitute.org,[DEEP URL PENDING],pillar:A-040; cluster:PCI-versus-project-management credential comparisons; money:/certifications,Official issuing-body pages,none,1400-2000,Explore the certifications,Article+BreadcrumbList,full,Brief: a decision guide for project credentials,[COMPETITOR FACTS PENDING],Unassigned,,,
A-453,Planned,24,Decision,Comparison,Finance/audit/IT professionals,Global,All certifications,PCI PFL-AI and CPA compared,pfl-ai vs cpa,"pfl-ai, vs, licensed, accountancy, or","licensed, accountancy, project, finance, capability",Licensed accountancy or project finance capability?,comparison,Spoke,A-045,pci-pfl-ai-and-cpa-compared,projectcontrolsinstitute.org,[DEEP URL PENDING],pillar:A-045; cluster:PCI-versus-finance/audit/IT credential comparisons; money:/certifications,Official issuing-body pages,Jurisdictional CPA board (identify),1600-2400,Decide with the guide,Article,full,Brief: pci pfl-ai and cpa compared,[COMPETITOR FACTS PENDING],Unassigned,,,
A-454,Planned,24,Decision,Comparison,Finance/audit/IT professionals,Global,All certifications,PCI PFL-AI and ACCA compared,pfl-ai vs acca,"pfl-ai, vs, broad, accountancy, or","acca, broad, accountancy, project, finance, focus",Broad accountancy or project finance focus?,comparison,Spoke,A-045,pci-pfl-ai-and-acca-compared,projectcontrolsinstitute.org,[DEEP URL PENDING],pillar:A-045; cluster:PCI-versus-finance/audit/IT credential comparisons; money:/certifications,Official issuing-body pages,ACCA,1600-2400,Decide with the guide,Article,full,Brief: pci pfl-ai and acca compared,[COMPETITOR FACTS PENDING],Unassigned,,,
A-455,Planned,24,Decision,Comparison,Finance/audit/IT professionals,Global,All certifications,PCI PFL-AI and CIMA compared,pfl-ai vs cima,"pfl-ai, vs, management, accounting, or","cima, management, accounting, project, finance",Management accounting or project finance?,comparison,Spoke,A-045,pci-pfl-ai-and-cima-compared,projectcontrolsinstitute.org,[DEEP URL PENDING],pillar:A-045; cluster:PCI-versus-finance/audit/IT credential comparisons; money:/certifications,Official issuing-body pages,CIMA/AICPA,1600-2400,Decide with the guide,Article,full,Brief: pci pfl-ai and cima compared,[COMPETITOR FACTS PENDING],Unassigned,,,
A-456,Planned,24,Decision,Comparison,Finance/audit/IT professionals,Global,All certifications,PCI PFL-AI and CIA compared,pfl-ai vs cia,"pfl-ai, vs, internal, audit, or","internal, audit, project, finance",Internal audit or project finance?,comparison,Spoke,A-045,pci-pfl-ai-and-cia-compared,projectcontrolsinstitute.org,[DEEP URL PENDING],pillar:A-045; cluster:PCI-versus-finance/audit/IT credential comparisons; money:/certifications,Official issuing-body pages,The IIA,1600-2400,Decide with the guide,Article,full,Brief: pci pfl-ai and cia compared,[COMPETITOR FACTS PENDING],Unassigned,,,
A-457,Planned,24,Decision,Comparison,Finance/audit/IT professionals,Global,All certifications,PCI PFL-AI and CISA compared,pfl-ai vs cisa,"pfl-ai, vs, information, systems, audit","cisa, information, systems, audit, project, finance",Information systems audit or project finance?,comparison,Spoke,A-045,pci-pfl-ai-and-cisa-compared,projectcontrolsinstitute.org,[DEEP URL PENDING],pillar:A-045; cluster:PCI-versus-finance/audit/IT credential comparisons; money:/certifications,Official issuing-body pages,ISACA,1600-2400,Decide with the guide,Article,full,Brief: pci pfl-ai and cisa compared,[COMPETITOR FACTS PENDING],Unassigned,,,
A-458,Planned,24,Decision,Comparison,Finance/audit/IT professionals,Global,All certifications,PCI PFL-AI and treasury credentials compared,pfl-ai vs treasury certification,"pfl-ai, vs, corporate, treasury, or","treasury, certification, corporate, project, finance",Corporate treasury or project finance?,comparison,Spoke,A-045,pci-pfl-ai-and-treasury-credentials-compared,projectcontrolsinstitute.org,[DEEP URL PENDING],pillar:A-045; cluster:PCI-versus-finance/audit/IT credential comparisons; money:/certifications,Official issuing-body pages,Treasury bodies (verify),1600-2400,Decide with the guide,Article,full,Brief: pci pfl-ai and treasury credentials compared,[COMPETITOR FACTS PENDING],Unassigned,,,
A-459,Planned,24,Decision,Comparison,Finance/audit/IT professionals,Global,All certifications,PCI PFL-AI and financial-modelling certificates compared,pfl-ai vs financial modelling certificate,"pfl-ai, vs, modelling, technique, or","financial, modelling, certificate, technique, project, finance, judgement",Modelling technique or project finance judgement?,comparison,Spoke,A-045,pci-pfl-ai-and-financial-modelling-certificates-compared,projectcontrolsinstitute.org,[DEEP URL PENDING],pillar:A-045; cluster:PCI-versus-finance/audit/IT credential comparisons; money:/certifications,Official issuing-body pages,none,1600-2400,Decide with the guide,Article,full,Brief: pci pfl-ai and financial-modelling certificates compared,[COMPETITOR FACTS PENDING],Unassigned,,,
A-460,Planned,24,Decision,Comparison,Finance/audit/IT professionals,Global,All certifications,PCI PFL-AI and alternative-investment credentials compared,pfl-ai vs caia,"pfl-ai, vs, investment, analysis, or","caia, investment, analysis, project, delivery, finance",Investment analysis or project delivery finance?,comparison,Spoke,A-045,pci-pfl-ai-and-alternative-investment-credentials-compared,projectcontrolsinstitute.org,[DEEP URL PENDING],pillar:A-045; cluster:PCI-versus-finance/audit/IT credential comparisons; money:/certifications,Official issuing-body pages,none,1600-2400,Decide with the guide,Article,full,Brief: pci pfl-ai and alternative-investment credentials compared,[COMPETITOR FACTS PENDING],Unassigned,,,
A-461,Planned,24,Decision,Comparison,Finance/audit/IT professionals,Global,All certifications,PCI PFL-AI and risk-management credentials compared,pfl-ai vs frm,"pfl-ai, vs, financial, risk, or","financial, risk, project, finance",Financial risk or project finance?,comparison,Spoke,A-045,pci-pfl-ai-and-risk-management-credentials-compared,projectcontrolsinstitute.org,[DEEP URL PENDING],pillar:A-045; cluster:PCI-versus-finance/audit/IT credential comparisons; money:/certifications,Official issuing-body pages,none,1600-2400,Decide with the guide,Article,full,Brief: pci pfl-ai and risk-management credentials compared,[COMPETITOR FACTS PENDING],Unassigned,,,
A-462,Planned,24,Decision,Comparison,Finance/audit/IT professionals,Global,All certifications,PCI credentials and data-analytics certifications compared,pci vs data analytics certification,"pci, vs, analytics, tooling, or","data, analytics, certification, tooling, project, domain",Analytics tooling or project domain?,comparison,Spoke,A-045,pci-credentials-and-data-analytics-certifications-compared,projectcontrolsinstitute.org,[DEEP URL PENDING],pillar:A-045; cluster:PCI-versus-finance/audit/IT credential comparisons; money:/certifications,Official issuing-body pages,none,1600-2400,Decide with the guide,Article,full,Brief: pci credentials and data-analytics certifications compared,[COMPETITOR FACTS PENDING],Unassigned,,,
A-463,Planned,24,Decision,Comparison,Finance/audit/IT professionals,Global,All certifications,PCI credentials and cloud certifications: relevance,pci vs cloud certification,"pci, vs, do, platform, certifications","cloud, certification, platform, certifications, help, project, professionals",Do platform certifications help project professionals?,comparison,Spoke,A-045,pci-credentials-and-cloud-certifications-relevance,projectcontrolsinstitute.org,[DEEP URL PENDING],pillar:A-045; cluster:PCI-versus-finance/audit/IT credential comparisons; money:/certifications,Official issuing-body pages,none,1600-2400,Decide with the guide,Article,full,Brief: pci credentials and cloud certifications: relevance,[COMPETITOR FACTS PENDING],Unassigned,,,
A-464,Planned,24,Consideration,Comparison,Finance/audit/IT professionals,Global,All certifications,The finance credential landscape for project people,finance certifications project professionals,"finance, certifications, how, does, the","finance, certifications, project, professionals, landscape, together",How does the landscape fit together?,asset,Spoke,A-045,the-finance-credential-landscape-for-project-people,projectcontrolsinstitute.org,[DEEP URL PENDING],pillar:A-045; cluster:PCI-versus-finance/audit/IT credential comparisons; money:/certifications,Official issuing-body pages,none,1400-2000,Explore the certifications,Article+BreadcrumbList,full,Brief: the finance credential landscape for project people,[COMPETITOR FACTS PENDING],Unassigned,,,
A-465,Planned,24,Decision,Comparison,Finance/audit/IT professionals,Global,All certifications,Which finance credential for infrastructure,infrastructure finance certification comparison,"infrastructure, finance, what, suits","infrastructure, finance, certification, comparison, suits",What suits infrastructure finance?,comparison,Spoke,A-045,which-finance-credential-for-infrastructure,projectcontrolsinstitute.org,[DEEP URL PENDING],pillar:A-045; cluster:PCI-versus-finance/audit/IT credential comparisons; money:/certifications,Official issuing-body pages,none,1600-2400,Decide with the guide,Article,full,Brief: which finance credential for infrastructure,[COMPETITOR FACTS PENDING],Unassigned,,,
A-466,Planned,24,Decision,Comparison,Finance/audit/IT professionals,Global,All certifications,Which finance credential for renewables,renewables finance certification,"renewables, finance, what, suits, renewable-energy","renewables, finance, certification, suits, renewable, energy",What suits renewable-energy finance?,comparison,Spoke,A-045,which-finance-credential-for-renewables,projectcontrolsinstitute.org,[DEEP URL PENDING],pillar:A-045; cluster:PCI-versus-finance/audit/IT credential comparisons; money:/certifications,Official issuing-body pages,none,1600-2400,Decide with the guide,Article,full,Brief: which finance credential for renewables,[COMPETITOR FACTS PENDING],Unassigned,,,
A-467,Planned,24,Decision,Comparison,Finance/audit/IT professionals,Global,All certifications,Which finance credential for PPP work,ppp certification,"ppp, certification, what, suits","certification, suits, practitioners",What suits PPP practitioners?,comparison,Spoke,A-045,which-finance-credential-for-ppp-work,projectcontrolsinstitute.org,[DEEP URL PENDING],pillar:A-045; cluster:PCI-versus-finance/audit/IT credential comparisons; money:/certifications,Official issuing-body pages,none,1600-2400,Decide with the guide,Article,full,Brief: which finance credential for ppp work,[COMPETITOR FACTS PENDING],Unassigned,,,
A-468,Planned,24,Decision,Comparison,Finance/audit/IT professionals,Global,All certifications,Audit credentials and project finance compared,audit vs project finance certification,"audit, vs, how, different, are","audit, project, finance, certification, different, disciplines",How different are the disciplines?,comparison,Spoke,A-045,audit-credentials-and-project-finance-compared,projectcontrolsinstitute.org,[DEEP URL PENDING],pillar:A-045; cluster:PCI-versus-finance/audit/IT credential comparisons; money:/certifications,Official issuing-body pages,none,1600-2400,Decide with the guide,Article,full,Brief: audit credentials and project finance compared,[COMPETITOR FACTS PENDING],Unassigned,,,
A-469,Planned,24,Decision,Comparison,Finance/audit/IT professionals,Global,All certifications,Accounting qualifications and project finance compared,accounting vs project finance,"accounting, vs, does, accountancy, cover","accounting, project, finance, accountancy, cover",Does accountancy cover project finance?,comparison,Spoke,A-045,accounting-qualifications-and-project-finance-compared,projectcontrolsinstitute.org,[DEEP URL PENDING],pillar:A-045; cluster:PCI-versus-finance/audit/IT credential comparisons; money:/certifications,Official issuing-body pages,none,1600-2400,Decide with the guide,Article,full,Brief: accounting qualifications and project finance compared,[COMPETITOR FACTS PENDING],Unassigned,,,
A-470,Planned,24,Decision,Comparison,Finance/audit/IT professionals,Global,All certifications,"The cost of finance credentials, compared",finance certification cost comparison,"finance, certification, what, does, each","finance, certification, cost, comparison, each, pathway",What does each pathway cost?,comparison,Spoke,A-045,the-cost-of-finance-credentials-compared,projectcontrolsinstitute.org,[DEEP URL PENDING],pillar:A-045; cluster:PCI-versus-finance/audit/IT credential comparisons; money:/certifications,Official issuing-body pages,none,1600-2400,Decide with the guide,Article,full,"Brief: the cost of finance credentials, compared",[COMPETITOR FACTS PENDING],Unassigned,,,
A-471,Planned,24,Decision,Comparison,Finance/audit/IT professionals,Global,All certifications,"The time commitment of finance credentials, compared",finance certification time,"finance, certification, how, long, does","finance, certification, time, long, each, take",How long does each take?,comparison,Spoke,A-045,the-time-commitment-of-finance-credentials-compared,projectcontrolsinstitute.org,[DEEP URL PENDING],pillar:A-045; cluster:PCI-versus-finance/audit/IT credential comparisons; money:/certifications,Official issuing-body pages,none,1600-2400,Decide with the guide,Article,full,"Brief: the time commitment of finance credentials, compared",[COMPETITOR FACTS PENDING],Unassigned,,,
A-472,Planned,24,Decision,Comparison,Finance/audit/IT professionals,Global,All certifications,Renewal and CPD across finance credentials,finance certification cpd,"finance, certification, what, maintenance, does","finance, certification, maintenance, each, require",What maintenance does each require?,comparison,Spoke,A-045,renewal-and-cpd-across-finance-credentials,projectcontrolsinstitute.org,[DEEP URL PENDING],pillar:A-045; cluster:PCI-versus-finance/audit/IT credential comparisons; money:/certifications,Official issuing-body pages,none,1600-2400,Decide with the guide,Article,full,Brief: renewal and cpd across finance credentials,[COMPETITOR FACTS PENDING],Unassigned,,,
A-473,Planned,24,Decision,Informational,Finance/audit/IT professionals,Global,All certifications,Jurisdiction constraints on finance credentials,finance certification jurisdiction,"finance, certification, which, credentials, are","finance, certification, jurisdiction, credentials, bound",Which credentials are jurisdiction-bound?,comparison,Spoke,A-045,jurisdiction-constraints-on-finance-credentials,projectcontrolsinstitute.org,[DEEP URL PENDING],pillar:A-045; cluster:PCI-versus-finance/audit/IT credential comparisons; money:/certifications,Official issuing-body pages,none,1600-2400,Decide with the guide,Article,full,Brief: jurisdiction constraints on finance credentials,[COMPETITOR FACTS PENDING],Unassigned,,,
A-474,Planned,24,Decision,Informational,Finance/audit/IT professionals,Global,All certifications,Do you need a CPA to work in project finance?,cpa for project finance,"cpa, for, is, an, accountancy","project, finance, accountancy, licence, required",Is an accountancy licence required?,faq,Spoke,A-045,do-you-need-a-cpa-to-work-in-project-finance,projectcontrolsinstitute.org,[DEEP URL PENDING],pillar:A-045; cluster:PCI-versus-finance/audit/IT credential comparisons; money:/certifications,Official issuing-body pages,Jurisdictional CPA board (identify),1100-1500,Explore the certifications,Article+FAQPage,social-core,Brief: do you need a cpa to work in project finance?,[COMPETITOR FACTS PENDING],Unassigned,,,
A-475,Planned,24,Decision,Comparison,Finance/audit/IT professionals,Global,All certifications,Combining PFL-AI with an accountancy qualification,pfl-ai and accounting qualification,"pfl-ai, and, do, the, two","accounting, qualification, complement, each, other",Do the two complement each other?,comparison,Spoke,A-045,combining-pfl-ai-with-an-accountancy-qualification,projectcontrolsinstitute.org,[DEEP URL PENDING],pillar:A-045; cluster:PCI-versus-finance/audit/IT credential comparisons; money:/certifications,Official issuing-body pages,none,1600-2400,Decide with the guide,Article,full,Brief: combining pfl-ai with an accountancy qualification,[COMPETITOR FACTS PENDING],Unassigned,,,
A-476,Planned,24,Decision,Comparison,Finance/audit/IT professionals,Global,All certifications,A decision guide for finance credentials,finance certification decision guide,"finance, certification, which, credential","finance, certification, decision, guide, credential, choose",Which finance credential should I choose?,asset,Spoke,A-045,a-decision-guide-for-finance-credentials,projectcontrolsinstitute.org,[DEEP URL PENDING],pillar:A-045; cluster:PCI-versus-finance/audit/IT credential comparisons; money:/certifications,Official issuing-body pages,none,1400-2000,Explore the certifications,Article+BreadcrumbList,full,Brief: a decision guide for finance credentials,[COMPETITOR FACTS PENDING],Unassigned,,,
A-477,Planned,25,Consideration,Informational,Prospective and current candidates,Global,All certifications,Is PCI certification accredited? An honest answer,is pci certification accredited,"is, pci, what, pci's","certification, accredited, accreditation, position",What is PCI's accreditation position?,trust,Spoke,A-046,is-pci-certification-accredited-an-honest-answer,projectcontrolsinstitute.org,[DEEP URL PENDING],"pillar:A-046; cluster:Student questions, myths, case scenarios; money:/certifications",PCI policy pages,none,1200-1800,Read the policies,Article,social-core,Brief: is pci certification accredited? an honest answer,none,Unassigned,,,
A-478,Planned,25,Consideration,Informational,Prospective and current candidates,Global,All certifications,Will a PCI certification get me a job?,will certification get me a job,"will, certification, what, can, and","will, certification, cannot, credential, hiring",What can and cannot a credential do for hiring?,faq,Spoke,A-046,will-a-pci-certification-get-me-a-job,projectcontrolsinstitute.org,[DEEP URL PENDING],"pillar:A-046; cluster:Student questions, myths, case scenarios; money:/certifications",PCI policy pages,none,1100-1500,Explore the certifications,Article+FAQPage,social-core,Brief: will a pci certification get me a job?,none,Unassigned,,,
A-479,Planned,25,Consideration,Informational,Prospective and current candidates,Global,All certifications,How hard is a PCI examination?,how hard is pci exam,"how, hard, what, level, of","hard, exam, level, difficulty, expect",What level of difficulty should I expect?,faq,Spoke,A-046,how-hard-is-a-pci-examination,projectcontrolsinstitute.org,[DEEP URL PENDING],"pillar:A-046; cluster:Student questions, myths, case scenarios; money:/certifications",PCI policy pages,none,1100-1500,Explore the certifications,Article+FAQPage,social-core,Brief: how hard is a pci examination?,none,Unassigned,,,
A-480,Planned,25,Consideration,Informational,Prospective and current candidates,Global,All certifications,What happens if you fail,fail certification exam,"fail, certification, is, failing, recoverable?","fail, certification, exam, failing, recoverable",Is failing recoverable?,faq,Spoke,A-046,what-happens-if-you-fail,projectcontrolsinstitute.org,[DEEP URL PENDING],"pillar:A-046; cluster:Student questions, myths, case scenarios; money:/certifications",PCI policy pages,none,1100-1500,Explore the certifications,Article+FAQPage,social-core,Brief: what happens if you fail,none,Unassigned,,,
A-481,Planned,25,Consideration,Informational,Prospective and current candidates,Global,All certifications,Certifying without a degree,certification without degree,"certification, without, does, the, lack","certification, without, degree, lack, block",Does the lack of a degree block me?,faq,Spoke,A-046,certifying-without-a-degree,projectcontrolsinstitute.org,[DEEP URL PENDING],"pillar:A-046; cluster:Student questions, myths, case scenarios; money:/certifications",PCI policy pages,none,1100-1500,Explore the certifications,Article+FAQPage,social-core,Brief: certifying without a degree,none,Unassigned,,,
A-482,Planned,25,Consideration,Informational,Prospective and current candidates,Global,All certifications,Certifying from a non-technical background,non technical project certification,"non, technical, can, a, non-engineer","technical, project, certification, engineer, succeed",Can a non-engineer succeed?,faq,Spoke,A-046,certifying-from-a-non-technical-background,projectcontrolsinstitute.org,[DEEP URL PENDING],"pillar:A-046; cluster:Student questions, myths, case scenarios; money:/certifications",PCI policy pages,none,1100-1500,Explore the certifications,Article+FAQPage,social-core,Brief: certifying from a non-technical background,none,Unassigned,,,
A-483,Planned,25,Consideration,Informational,Prospective and current candidates,Global,All certifications,How much mathematics is involved?,project controls maths,"project, controls, do, i, need","project, controls, maths, strong",Do I need strong maths?,faq,Spoke,A-046,how-much-mathematics-is-involved,projectcontrolsinstitute.org,[DEEP URL PENDING],"pillar:A-046; cluster:Student questions, myths, case scenarios; money:/certifications",PCI policy pages,none,1100-1500,Explore the certifications,Article+FAQPage,social-core,Brief: how much mathematics is involved?,none,Unassigned,,,
A-484,Planned,25,Consideration,Informational,Prospective and current candidates,Global,All certifications,How much study time is realistic?,certification study hours,"certification, study, how, many, hours","certification, study, hours, budget",How many hours should I budget?,faq,Spoke,A-046,how-much-study-time-is-realistic,projectcontrolsinstitute.org,[DEEP URL PENDING],"pillar:A-046; cluster:Student questions, myths, case scenarios; money:/certifications",PCI policy pages,none,1100-1500,Explore the certifications,Article+FAQPage,social-core,Brief: how much study time is realistic?,none,Unassigned,,,
A-485,Planned,25,Consideration,Informational,Prospective and current candidates,Global,All certifications,Studying while working full time,study while working full time,"study, while, how, do, people","study, while, working, full, time, people, around",How do people fit study around a job?,asset,Spoke,A-046,studying-while-working-full-time,projectcontrolsinstitute.org,[DEEP URL PENDING],"pillar:A-046; cluster:Student questions, myths, case scenarios; money:/certifications",PCI policy pages,none,1400-2000,Explore the certifications,Article+BreadcrumbList,full,Brief: studying while working full time,none,Unassigned,,,
A-486,Planned,25,Decision,Informational,Prospective and current candidates,Global,All certifications,What online proctoring is actually like,online proctoring experience,"online, proctoring, what, does, remote","online, proctoring, experience, remote, invigilation, involve",What does remote invigilation involve?,faq,Spoke,A-046,what-online-proctoring-is-actually-like,projectcontrolsinstitute.org,[DEEP URL PENDING],"pillar:A-046; cluster:Student questions, myths, case scenarios; money:/certifications",PCI policy pages,none,1100-1500,Explore the certifications,Article+FAQPage,social-core,Brief: what online proctoring is actually like,none,Unassigned,,,
A-487,Planned,25,Decision,Informational,Prospective and current candidates,Global,All certifications,If your connection fails mid-examination,internet fails during exam,"internet, fails, what, happens, to","internet, fails, during, exam, happens, attempt",What happens to my attempt?,faq,Spoke,A-046,if-your-connection-fails-mid-examination,projectcontrolsinstitute.org,[DEEP URL PENDING],"pillar:A-046; cluster:Student questions, myths, case scenarios; money:/certifications",PCI policy pages,none,1100-1500,Explore the certifications,Article+FAQPage,social-core,Brief: if your connection fails mid-examination,none,Unassigned,,,
A-488,Planned,25,Decision,Informational,Prospective and current candidates,Global,All certifications,"Calculators, notes and permitted materials",calculator allowed exam,"calculator, allowed, what, may, i","calculator, allowed, exam, during",What may I use during the exam?,faq,Spoke,A-046,calculators-notes-and-permitted-materials,projectcontrolsinstitute.org,[DEEP URL PENDING],"pillar:A-046; cluster:Student questions, myths, case scenarios; money:/certifications",PCI policy pages,none,1100-1500,Explore the certifications,Article+FAQPage,social-core,"Brief: calculators, notes and permitted materials",none,Unassigned,,,
A-489,Planned,25,Consideration,Informational,Prospective and current candidates,Global,All certifications,Where practice examinations fit,practice exams value,"practice, exams, how, useful, are","practice, exams, value, useful, mocks",How useful are mocks?,faq,Spoke,A-046,where-practice-examinations-fit,projectcontrolsinstitute.org,[DEEP URL PENDING],"pillar:A-046; cluster:Student questions, myths, case scenarios; money:/certifications",PCI policy pages,none,1100-1500,Explore the certifications,Article+FAQPage,social-core,Brief: where practice examinations fit,none,Unassigned,,,
A-490,Planned,25,Decision,Informational,Prospective and current candidates,Global,All certifications,How PCI examinations are marked and reported,how are exams marked,"how, are, is, my","exams, marked, result, determined, presented",How is my result determined and presented?,faq,Spoke,A-046,how-pci-examinations-are-marked-and-reported,projectcontrolsinstitute.org,[DEEP URL PENDING],"pillar:A-046; cluster:Student questions, myths, case scenarios; money:/certifications",PCI policy pages,none,1100-1500,Explore the certifications,Article+FAQPage,social-core,Brief: how pci examinations are marked and reported,none,Unassigned,,,
A-491,Planned,25,Decision,Informational,Prospective and current candidates,Global,All certifications,When results arrive,when do exam results come,"when, do, how, long, is","exam, results, come, long, wait",How long is the wait?,faq,Spoke,A-046,when-results-arrive,projectcontrolsinstitute.org,[DEEP URL PENDING],"pillar:A-046; cluster:Student questions, myths, case scenarios; money:/certifications",PCI policy pages,none,1100-1500,Explore the certifications,Article+FAQPage,social-core,Brief: when results arrive,none,Unassigned,,,
A-492,Planned,25,Retention,Informational,Prospective and current candidates,Global,All certifications,Appealing a result,appeal exam result,"appeal, exam, what, if, i","appeal, exam, result, think, wrong",What if I think the result is wrong?,faq,Spoke,A-046,appealing-a-result,projectcontrolsinstitute.org,[DEEP URL PENDING],"pillar:A-046; cluster:Student questions, myths, case scenarios; money:/certifications",PCI policy pages,none,1100-1500,Explore the certifications,Article+FAQPage,social-core,Brief: appealing a result,none,Unassigned,,,
A-493,Planned,25,Consideration,Informational,Prospective and current candidates,Global,All certifications,Recognition of PCI credentials abroad,certification recognised internationally,"certification, recognised, how, is, a","certification, recognised, internationally, credential, treated, other, countries",How is a credential treated in other countries?,trust,Spoke,A-046,recognition-of-pci-credentials-abroad,projectcontrolsinstitute.org,[DEEP URL PENDING],"pillar:A-046; cluster:Student questions, myths, case scenarios; money:/certifications",PCI policy pages,none,1200-1800,Read the policies,Article,social-core,Brief: recognition of pci credentials abroad,none,Unassigned,,,
A-494,Planned,25,Awareness,Informational,Prospective and current candidates,Global,All certifications,Myth: AI is about to replace planners,will ai replace planners,"will, ai, is, the, planning","will, replace, planners, planning, role, disappearing",Is the planning role disappearing?,faq,Spoke,A-046,myth-ai-is-about-to-replace-planners,projectcontrolsinstitute.org,[DEEP URL PENDING],"pillar:A-046; cluster:Student questions, myths, case scenarios; money:/certifications",PCI policy pages,none,1100-1500,Explore the certifications,Article+FAQPage,social-core,Brief: myth: ai is about to replace planners,none,Unassigned,,,
A-495,Planned,25,Awareness,Informational,Prospective and current candidates,Global,All certifications,Myth: certifications do not matter any more,do certifications matter,"do, certifications, has, experience, made","certifications, matter, experience, made, credentials, irrelevant",Has experience made credentials irrelevant?,faq,Spoke,A-046,myth-certifications-do-not-matter-any-more,projectcontrolsinstitute.org,[DEEP URL PENDING],"pillar:A-046; cluster:Student questions, myths, case scenarios; money:/certifications",PCI policy pages,none,1100-1500,Explore the certifications,Article+FAQPage,social-core,Brief: myth: certifications do not matter any more,none,Unassigned,,,
A-496,Planned,25,Awareness,Informational,Prospective and current candidates,Global,All certifications,Myth: you need ten years before certifying,experience needed for certification,"experience, needed, how, much","experience, needed, certification, required",How much experience is really required?,faq,Spoke,A-046,myth-you-need-ten-years-before-certifying,projectcontrolsinstitute.org,[DEEP URL PENDING],"pillar:A-046; cluster:Student questions, myths, case scenarios; money:/certifications",PCI policy pages,none,1100-1500,Explore the certifications,Article+FAQPage,social-core,Brief: myth: you need ten years before certifying,none,Unassigned,,,
A-497,Planned,25,Consideration,Informational,Prospective and current candidates,Global,All certifications,Case scenario: the graduate with no project history,graduate project controls,"graduate, project, what, should, a","graduate, project, controls, first",What should a graduate do first?,asset,Spoke,A-046,case-scenario-the-graduate-with-no-project-history,projectcontrolsinstitute.org,[DEEP URL PENDING],"pillar:A-046; cluster:Student questions, myths, case scenarios; money:/certifications",PCI policy pages,none,1400-2000,Explore the certifications,Article+BreadcrumbList,full,Brief: case scenario: the graduate with no project history,none,Unassigned,,,
A-498,Planned,25,Consideration,Informational,Prospective and current candidates,Global,All certifications,Case scenario: the mid-career switcher,career switch to project controls,"career, switch, how, does, a","career, switch, project, controls, switcher, build, credibility, fast",How does a switcher build credibility fast?,asset,Spoke,A-046,case-scenario-the-mid-career-switcher,projectcontrolsinstitute.org,[DEEP URL PENDING],"pillar:A-046; cluster:Student questions, myths, case scenarios; money:/certifications",PCI policy pages,none,1400-2000,Explore the certifications,Article+BreadcrumbList,full,Brief: case scenario: the mid-career switcher,none,Unassigned,,,
A-499,Planned,25,Consideration,Informational,Prospective and current candidates,Global,All certifications,Case scenario: the experienced planner going deeper,experienced planner certification,"experienced, planner, what, does, a","experienced, planner, certification, veteran, gain",What does a veteran gain?,asset,Spoke,A-046,case-scenario-the-experienced-planner-going-deeper,projectcontrolsinstitute.org,[DEEP URL PENDING],"pillar:A-046; cluster:Student questions, myths, case scenarios; money:/certifications",PCI policy pages,none,1400-2000,Explore the certifications,Article+BreadcrumbList,full,Brief: case scenario: the experienced planner going deeper,none,Unassigned,,,
A-500,Planned,25,Consideration,Informational,Prospective and current candidates,Global,All certifications,Case scenario: the finance professional entering projects,finance professional project career,"finance, professional, how, does, a","finance, professional, project, career, person, cross, over",How does a finance person cross over?,asset,Spoke,A-046,case-scenario-the-finance-professional-entering-projects,projectcontrolsinstitute.org,[DEEP URL PENDING],"pillar:A-046; cluster:Student questions, myths, case scenarios; money:/certifications",PCI policy pages,none,1400-2000,Explore the certifications,Article+BreadcrumbList,full,Brief: case scenario: the finance professional entering projects,none,Unassigned,,,
